イベント名,バナー画像URL,バナー画像,wikiページ,開催開始,開催終了,種別,実装フレンズ1,実装フレンズ2,実装フレンズ3,実装フレンズ4,実装フォト1,実装フォト2,実装フォト3,実装フォト4
かがやけリクホク☆じょーとーの段！,https://image02.seesaawiki.jp/k/h/kemono_friends3_5ch/5c9e7033d01c83ce.PNG,,,2026/09/03,2026/10/01 14:00:00,シナリオ(マップ),《村落獅子》シーサー・ライト,,,,守り神の度胸試し,,,
全国区のアイドルへの第一歩！ですわ！,https://image02.seesaawiki.jp/k/h/kemono_friends3_5ch/8c2703602d0e33c3.PNG,,,2026/08/20,2026/09/03 14:00:00,シナリオ(コラボ),東北イタコ,東北きりたん,,,ペラリとお悩み解決！,ぎゅぎゅっとおいしい,,
野生大解放チャレンジ　イエイヌ（雑種）編,https://image01.seesaawiki.jp/k/h/kemono_friends3_5ch/Xuwe828rPg.jpg,,,2026/08/13,2026/08/19 23:59:00,野生大解放,,,,,,,,
体力測定 サンクリストバルゾウガメ編,https://image01.seesaawiki.jp/k/h/kemono_friends3_5ch/6S6vkWlKJj.png,,,2026/08/06,2026/08/20 14:00:00,体力測定,サンクリストバルゾウガメ,,,,うっかりしてたー,,,
メインストーリー＜シーズン３＞8章(前半)公開,https://image01.seesaawiki.jp/k/h/kemono_friends3_5ch/434af072ff2ff3a7.PNG,,,2026/07/30,,新章公開,,,,,,,,
追いつけ追い越せ！　激走スプリント！,https://image02.seesaawiki.jp/k/h/kemono_friends3_5ch/2d16d7cad8c57782.PNG,,,2026/07/16,2026/07/30 14:00:00,シナリオ(通常),クォーターホースつきげ,,,,たまぐしほ～て～ん,,,
「テラビット」タイアップキャンペーン,https://image02.seesaawiki.jp/k/h/kemono_friends3_5ch/db5eff9d3d2cb7d0.PNG,,,2026/07/09,2026/07/23 14:00:00,タイアップ,,,,,,,,
体力測定 エジプトルーセットオオコウモリ編,https://image01.seesaawiki.jp/k/h/kemono_friends3_5ch/6S6vkWlKJj.png,,,2026/07/02,2026/07/16 14:00:00,体力測定,エジプトルーセットオオコウモリ,,,,ショーダウン！,,,
第49回 セルリアン大掃除,https://image01.seesaawiki.jp/k/h/kemono_friends3_5ch/8c1U9yf5wd.jpeg,,,2026/06/25,2026/07/02 14:00:00,大掃除,ガラパゴスコバネウ,,,,,,,
かがやけリクホク☆ひゅ～どろの段！？,https://image01.seesaawiki.jp/k/h/kemono_friends3_5ch/120c68da44f44789.PNG,,,2026/06/11,2026/07/02 14:00:00,シナリオ(マップ),ゴールデンライオンタマリン,ダイイヌガミギョウブ,,,ひだまりストリートへようこそ！,かっこいいですよね？,,
体力測定 ガーンジー編,https://image01.seesaawiki.jp/k/h/kemono_friends3_5ch/6S6vkWlKJj.png,,,2026/05/28,2026/06/11 14:00:00,体力測定,ガーンジー,,,,これで元気になって,,,
メインストーリー＜シーズン３＞7章(後半)公開,https://image02.seesaawiki.jp/k/h/kemono_friends3_5ch/6252f2de09b9553c.PNG,,,2026/05/21,,新章公開,ウミイグアナ,,,,みんなも歌って！,,,
ガァーガァー探せ　空回り恋のぼり,https://image02.seesaawiki.jp/k/h/kemono_friends3_5ch/1bac47a2e1a84c3c.PNG,,,2026/05/14,2026/05/21 14:00:00,シナリオ(通常),ハシボソガラス,,,,アタシのものなのにぃ～！,,,
体力測定 ニホンツキノワグマ編,https://image01.seesaawiki.jp/k/h/kemono_friends3_5ch/6S6vkWlKJj.png,,,2026/05/01,2026/05/14 14:00:00,体力測定,ニホンツキノワグマ,,,,ざわざわ、こつん,,,
体力測定 桂浜水族館編,https://image02.seesaawiki.jp/k/h/kemono_friends3_5ch/586902c45c92285f.PNG,,,2026/04/16,2026/05/07 14:00:00,シナリオ(コラボ),アカウミガメ,アカウミガメ,,,パイプマスターのおさそい,イチバンの波,なんだかほっとけない！,
野生大解放チャレンジ　バンドウイルカ編,https://image01.seesaawiki.jp/k/h/kemono_friends3_5ch/Xuwe828rPg.jpg,,,2026/04/10,2026/04/15 23:59:00,野生大解放,,,,,,,,
体力測定 シュバシコウ編,https://image01.seesaawiki.jp/k/h/kemono_friends3_5ch/6S6vkWlKJj.png,,,2026/04/02,2026/04/16 14:00:00,体力測定,シュバシコウ,,,,屋根の上から幸せを,,,
こぉんと解放♡黒き狐の巻！？,https://image02.seesaawiki.jp/k/h/kemono_friends3_5ch/6e5e498a2f45db44.PNG,,,2026/03/24,2026/04/02 14:00:00,シナリオ亜種,クロイナリサマ,,,,ぐりゃああぁぁ！！,,,
かがやけリクホク☆ひだまりの段！,https://image01.seesaawiki.jp/k/h/kemono_friends3_5ch/f9efb24e7cd03bd1.PNG,,,2026/03/12,2026/04/02 14:00:00,シナリオ(マップ),ヨーロッパビーバー,【神代の白き翼】ヤタガラス,,,橋かけてこー！,夜明けに飛ぶ,うつろう風景、変わらぬ花,
体力測定 ピンタゾウガメ編,https://image01.seesaawiki.jp/k/h/kemono_friends3_5ch/6S6vkWlKJj.png,,,2026/02/27,2026/03/12 14:00:00,体力測定,ピンタゾウガメ,,,,サボテンクッキング♪,,,
メインストーリー＜シーズン３＞7章(前半)公開,https://image01.seesaawiki.jp/k/h/kemono_friends3_5ch/09ec36572b619fe2.PNG,,,2026/02/19,,新章公開,アオアシカツオドリ,,,,,,,
体力測定 ジャージー編,https://image01.seesaawiki.jp/k/h/kemono_friends3_5ch/6S6vkWlKJj.png,,,2026/02/05,2026/02/19 14:00:00,体力測定,ジャージー,,,,あなたさまのおそばに！,,,
はじめてがいっぱいのバレンタイン！？,https://image02.seesaawiki.jp/k/h/kemono_friends3_5ch/f2e371b25938ae64.PNG,,,2026/01/29,2026/02/05 14:00:00,シナリオ(通常),ガラパゴスペンギン,,,,暑い日のいちばん,,,
タママ＆モア　メイドさんの真髄！？,https://image01.seesaawiki.jp/k/h/kemono_friends3_5ch/feb67a49b9088e7a.PNG,,,2026/01/15,2026/02/05 14:00:00,シナリオ(コラボ),アンゴル=モア,タママ,,,お芋のおかし,おそうじタイム,,
野生大解放チャレンジ　マヌルネコ編,https://image01.seesaawiki.jp/k/h/kemono_friends3_5ch/Xuwe828rPg.jpg,,,2026/01/08,2026/01/14 23:59:00,野生大解放,,,,,,,,
目指せいちばん！　年越しかけっこ祭り,https://image01.seesaawiki.jp/k/h/kemono_friends3_5ch/13ac17046312e3d2.PNG,,,2025/12/25,2025/01/12 14:00:00,シナリオ(通常),【ゴールまで一直線！】サラブレッドくりげ,シンメ,,,最初の朝焼け,しも走る季節,笑う門へ福運ぶ！,
体力測定 クルペオギツネ編,https://image01.seesaawiki.jp/k/h/kemono_friends3_5ch/6S6vkWlKJj.png,,,2025/12/11,2025/12/25 14:00:00,体力測定,クルペオギツネ,,,,サインください！,,,
けもの西遊記　輝きの決戦の巻,https://image01.seesaawiki.jp/k/h/kemono_friends3_5ch/a1f17f6c1967680d.PNG,,,2025/11/27,2025/12/11 14:00:00,シナリオ(マップ),キンカク,キュウビコリ,,,暗夜に散る,超絶ＫＡＷＡＩＩキン兄！,またお茶会をきみと,
第48回 セルリアン大掃除,https://image01.seesaawiki.jp/k/h/kemono_friends3_5ch/8c1U9yf5wd.jpeg,,,2025/11/20,2025/11/27 14:00:00,大掃除,ファウストガメ,,,,,,,
メインストーリー＜シーズン３＞6章(後半)公開,https://image01.seesaawiki.jp/k/h/kemono_friends3_5ch/14ad498816c844a1.PNG,,,2025/11/14,,新章公開,サンタクルスゾウガメ,,,,航海は波乱続き！？,,,
けものたちの島と白獅子の王,https://image01.seesaawiki.jp/k/h/kemono_friends3_5ch/edf5fc0ece146518.PNG,,,2025/10/30,2025/11/13 14:00:00,シナリオ亜種(コラボ),レオ,,,,オレが守る！,時空を超えて,,
目指せ！　エブリデイ・ハロウィン,https://image01.seesaawiki.jp/k/h/kemono_friends3_5ch/b6c840da181b9491.PNG,,,2025/10/23,2025/10/30 14:00:00,シナリオ(通常),【楽しさマシマシ！ＡＣＴ．２！】ジャック・オー・ランタン,,,,とりっく、おあ～？,ゴルゴンの瞳,,
「ドラゴンポーカー」タイアップキャンペーン,https://image01.seesaawiki.jp/k/h/kemono_friends3_5ch/49f46382f2bb0584.PNG,,,2025/10/17,2025/10/31 23:59:00,タイアップ,,,,,,,,
体力測定 ZOOMO編,https://image01.seesaawiki.jp/k/h/kemono_friends3_5ch/e7151ea8e888880a.PNG,,,2025/10/09,2025/11/03 14:00:00,シナリオ(コラボ),カナダカワウソ,ヤマネ,,,おーきーてー！,雪の上をごろごろと,,
体力測定 ティタノボア編,https://image01.seesaawiki.jp/k/h/kemono_friends3_5ch/6S6vkWlKJj.png,,,2025/10/06,2025/10/20 14:00:00,体力測定,ティタノボア,,,,ホントに気のせい？,,,
フレンズ最強☆けもの大武闘会～えくすとら～,https://image01.seesaawiki.jp/k/h/kemono_friends3_5ch/1be11c58ca6d133f.PNG,,,2025/09/24,2025/10/09 14:00:00,シナリオ亜種,ドラゴンサーバル,,,,みゃみゃみゃドラゴン！,ふたりでいっしょに,,
けもの西遊記　ゲートの秘密の巻,https://image02.seesaawiki.jp/k/h/kemono_friends3_5ch/2aa89cc331e449b2.PNG,,,2025/09/11,2025/10/02 14:00:00,シナリオ(マップ),チョハッカイ,サゴジョウ,,,見習いぷろでゅーさー,ヘトヘトになるくらい,フォレスト・テリトリー,旅の途中
野生大解放チャレンジ　ブタ編,https://image01.seesaawiki.jp/k/h/kemono_friends3_5ch/Xuwe828rPg.jpg,,,2025/09/04,2025/09/10 23:59:00,野生大解放,,,,,,,,
第47回 セルリアン大掃除,https://image01.seesaawiki.jp/k/h/kemono_friends3_5ch/8c1U9yf5wd.jpeg,,,2025/08/28,2025/09/04 14:00:00,大掃除,ライチョウ,,,,,,,
メインストーリー＜シーズン３＞6章(前半)公開,https://image02.seesaawiki.jp/k/h/kemono_friends3_5ch/287d9d241f187fbc.PNG,,,2025/08/21,,新章公開,イロワケイルカ,,,,,,,
体力測定 ミナミキリン編,https://image01.seesaawiki.jp/k/h/kemono_friends3_5ch/6S6vkWlKJj.png,,,2025/08/07,2025/08/21 14:00:00,体力測定,ミナミキリン,,,,たまにはこうやって,,,
ホバクせよ！　消えた交番のナゾ,https://image02.seesaawiki.jp/k/h/kemono_friends3_5ch/bc15252b034d81e2.PNG,,,2025/07/31,2025/08/07 14:00:00,シナリオ(通常),ボアコンストリクター,,,,お姉ちゃんにまかせて♪,理想のフサフサ！,,
体力測定 とくべつ編,https://image01.seesaawiki.jp/k/h/kemono_friends3_5ch/02e567bdf537b5f6.PNG,,,2025/07/17,2025/08/03 14:00:00,シナリオ(コラボ),ホンドタヌキ,シロフクロウ,,,参考までに！,まぶしいです…,,
体力測定 ツバメ編,https://image01.seesaawiki.jp/k/h/kemono_friends3_5ch/6S6vkWlKJj.png,,,2025/07/10,2025/07/24 14:00:00,体力測定,ツバメ,,,,はらぺこキャッチ！,,,
ねえ、聞いて　ボクの旅の話,https://image01.seesaawiki.jp/k/h/kemono_friends3_5ch/53f97a221ecb227f.PNG,,,2025/07/03,2025/07/10 14:00:00,シナリオ(通常),ヒメクビワカモメ,,,,すきなものいっぱい♪,幸せをさがして,,
体力測定 ヤマシマウマ編,https://image01.seesaawiki.jp/k/h/kemono_friends3_5ch/6S6vkWlKJj.png,,,2025/06/19,2025/07/03 14:00:00,体力測定,ヤマシマウマ,,,,やまのしるべ,,,
第46回 セルリアン大掃除,https://image01.seesaawiki.jp/k/h/kemono_friends3_5ch/8c1U9yf5wd.jpeg,,,2025/06/12,2025/06/19 14:00:00,大掃除,シマハイエナ,,,,,,,
けもの西遊記　異世界の旅の巻,https://image01.seesaawiki.jp/k/h/kemono_friends3_5ch/c1063bec79212f10.PNG,,,2025/06/01,2025/06/15 14:00:00,シナリオ(マップ),ギュウマオウ,ギンカク,,,西へ続く旅路,山道の途中で,かえるとあめのうた,
第45回 セルリアン大掃除,https://image01.seesaawiki.jp/k/h/kemono_friends3_5ch/8c1U9yf5wd.jpeg,,,2025/05/22,2025/05/29 14:00:00,大掃除,マルミミゾウ,,,,,,,
体力測定 ターパン編,https://image01.seesaawiki.jp/k/h/kemono_friends3_5ch/6S6vkWlKJj.png,,,2025/05/08,2025/05/22 14:00:00,体力測定,ターパン,,,,ぬくもりにふれる,,,
泳げ！光よりも速く！,https://image02.seesaawiki.jp/k/h/kemono_friends3_5ch/4b6a9f0ea8727bd7.PNG,,,2025/05/01,2025/05/08 14:00:00,シナリオ(通常),カマイルカ,,,,だいすきなあなたに,やんばるのおひさま,,
創作ずんだ料理を求めて！　なのだ！,https://image01.seesaawiki.jp/k/h/kemono_friends3_5ch/5a97b5b7dd9aa9d5.PNG,,,2025/04/17,2025/05/08 14:00:00,シナリオ(コラボ),東北ずん子,,,,海辺のおたから,おいしいみどりいろ,集まれ！ずん子の仲間たち,
体力測定 トランスバールライオン編,https://image01.seesaawiki.jp/k/h/kemono_friends3_5ch/6S6vkWlKJj.png,,,2025/04/10,2025/04/24 14:00:00,体力測定,トランスバールライオン,,,,とんとんリズムにのって♪,,,
桜舞い、つながる新入生歓迎会,https://image01.seesaawiki.jp/k/h/kemono_friends3_5ch/Ue02gNKKgU.PNG,,,2025/04/04,2025/04/11 14:00:00,シナリオ(通常),マサイライオン,,,,コツコツ、ダムづくり♪,なないろをうつして,,
けもの西遊記　パークの異変の巻,https://image02.seesaawiki.jp/k/h/kemono_friends3_5ch/ZIDZPo3zgL.PNG,,,2025/03/14,2025/04/03 14:00:00,シナリオ(マップ),ソンサーバル,ギョクリュウ,,,天下無双の,えがおまんてん！,ぴゃーっとちゅうもく！,うららかな春は遠からじ
体力測定 アマミノクロウサギ編,https://image01.seesaawiki.jp/k/h/kemono_friends3_5ch/6S6vkWlKJj.png,,,2025/02/27,2025/03/13 14:00:00,体力測定,アマミノクロウサギ,【自然の音とリズムにのせて】オオミミギツネ,,,あかりの灯る夜の森,,,
第44回 セルリアン大掃除,https://image01.seesaawiki.jp/k/h/kemono_friends3_5ch/8c1U9yf5wd.jpeg,,,2025/02/20,2025/02/27 14:00:00,大掃除,バシロサウルス・イシス,,,,,,,
体力測定 フクロミツスイ編,https://image01.seesaawiki.jp/k/h/kemono_friends3_5ch/LNQb3Se1go.PNG,,,2025/02/06,2025/02/20 14:00:00,体力測定,フクロミツスイ,,,,あま～いゆめのなか,,,
寒さを飛ばせ！空舞うポカポカ大作戦,https://image01.seesaawiki.jp/k/h/kemono_friends3_5ch/hRHdgc7aFs.PNG,,,2025/01/30,2025/02/06 14:00:00,シナリオ(通常),イヌワシ,,,,あせあせしないおひる,風を切り裂くように,,
メインストーリー＜シーズン３＞5章(後半)公開,https://image02.seesaawiki.jp/k/h/kemono_friends3_5ch/XozDfDWC6k.PNG,,,2025/01/23,,新章公開,スプリングボック,,,,大切にして,,,
体力測定 山本五郎左衛門編,https://image01.seesaawiki.jp/k/h/kemono_friends3_5ch/6S6vkWlKJj.png,,,2025/01/10,2025/01/23 14:00:00,体力測定,山本五郎左衛門,,,,裁きのとき,,,
開運！　ニョロっとお参り大騒動！,https://image02.seesaawiki.jp/k/h/kemono_friends3_5ch/Uao2R0fX6k.PNG,,,2024/12/26,2025/01/10 14:00:00,シナリオ(通常),タイパン,ビャクダ,,,のび～るおもち,ほわほわるーてぃん,花咲け笑顔,
体力測定 エナガ編,https://image01.seesaawiki.jp/k/h/kemono_friends3_5ch/6S6vkWlKJj.png,,,2024/12/19,2025/01/02 14:00:00,体力測定,エナガ,,,,こだわりの新しいおうち,,,
野生大解放チャレンジ　オイナリサマ編,https://image01.seesaawiki.jp/k/h/kemono_friends3_5ch/Xuwe828rPg.jpg,,,2024/12/12,2024/12/18 23:59:00,野生大解放,,,,,,,,
フレンズ健康！　けもの大武闘会～冬～,https://image02.seesaawiki.jp/k/h/kemono_friends3_5ch/2Ric0515l7.png,,,2024/11/28,2024/12/19 14:00:00,シナリオ(マップ),【さいきょーあいどる！】ホワイトサーバル,黒龍,,,とってもきれいですねっ♪,私にくれるのぉ？,自然のお宝を求めて,
メインストーリー＜シーズン３＞5章(前半)公開,https://image02.seesaawiki.jp/k/h/kemono_friends3_5ch/iP9OrYlNAy.png,,,2024/11/21,,新章公開,メガテリウム,,,,,,,
第43回 セルリアン大掃除,https://image01.seesaawiki.jp/k/h/kemono_friends3_5ch/8c1U9yf5wd.jpeg,,,2024/11/14,2024/11/21 14:00:00,大掃除,,,,,,,,
体力測定 モウコノウマ編,https://image01.seesaawiki.jp/k/h/kemono_friends3_5ch/6S6vkWlKJj.png,,,2024/11/07,2024/11/21 14:00:00,体力測定,モウコノウマ,,,,ちからもちですから♪,,,
時を超えて...悠久の昔からこんにちは！,https://image01.seesaawiki.jp/k/h/kemono_friends3_5ch/sAZKxn1Ulv.png,,,2024/10/31,2024/11/07 14:00:00,シナリオ(通常),ドルドン,,,,ひといきたいむ,あたたかなうみのいろ,,
たからものをとりもどせ！　でござる！,https://image01.seesaawiki.jp/k/h/kemono_friends3_5ch/Uj4iTi6Sus.png,,,2024/10/18,2024/11/07 14:00:00,シナリオ(コラボ),【ジっとできない湿地のハンター】ハシビロコウ,【青い瞳の迷い猫】マヌルネコ,,,ぼくのにんじゅつ！,よくばりたいおいしさ,,
体力測定 クラハシコウ編,https://image01.seesaawiki.jp/k/h/kemono_friends3_5ch/6S6vkWlKJj.png,,体力測定 クラハシコウ編,2024/10/10,2024/10/24 14:00:00,体力測定,クラハシコウ,,,,優雅に舞って,,,
ちょちょいと大江戸じゃぱりハロウィン,https://image02.seesaawiki.jp/k/h/kemono_friends3_5ch/lGGmqlLNNb.png,,,2024/10/03,2024/10/10 14:00:00,シナリオ(通常),マネキネコ,,,,ちょいっと♪福よおいでませ！,はっぴーらいふ、しよ♪,,
フレンズ共闘！　けもの大武闘会～秋～,https://image02.seesaawiki.jp/k/h/kemono_friends3_5ch/FX8Wn_R05r.png,,,2024/09/12,2024/10/03 14:00:00,シナリオ(マップ),【騎士としての決意を胸に】クロサイ,白龍,,,つるつるすいすい,お待たせいたしました！,期待にこたえるために！,フレンズ・メモリアル
～動物ヶ島の百鬼夜行～,https://image02.seesaawiki.jp/k/h/kemono_friends3_5ch/DiYWRkG77U.png,,,2024/08/29,2024/09/12 14:00:00,シナリオ(コラボ),ヌエ,ライリュウ,,,蔓延る闇にご用心,平和の歌,,
第42回 セルリアン大掃除,https://image01.seesaawiki.jp/k/h/kemono_friends3_5ch/8c1U9yf5wd.jpeg,,,2024/08/22,2024/08/29 14:00:00,大掃除,ニルガイ,,,,,,,
第20回 とくべつくんれん,https://image02.seesaawiki.jp/k/h/kemono_friends3_5ch/VqBe97a2oI.png,,,2024/08/15,2024/08/22 14:00:00,とくべつくんれん,ジュゴン,,,,,,,
体力測定 キタコアリクイ編,https://image01.seesaawiki.jp/k/h/kemono_friends3_5ch/6S6vkWlKJj.png,,,2024/08/08,2024/08/22 14:00:00,体力測定,キタコアリクイ,,,,あまくてサクサク♪,,,
夏全開！　スマッシュで突き抜けろ！,https://image02.seesaawiki.jp/k/h/kemono_friends3_5ch/amzvHK2llk.jpg,,,2024/08/01,2024/08/08 14:00:00,シナリオ(通常),カモノハシ,,,,あつくて、ちょっぴりすずしい,ここからが本番！,,
第41回 セルリアン大掃除,https://image01.seesaawiki.jp/k/h/kemono_friends3_5ch/8c1U9yf5wd.jpeg,,,2024/07/25,2024/08/01 14:00:00,大掃除,【ひんやりクリーミーを求めて】ホワイトライオン,,,,,,,
メインストーリー＜シーズン３＞4章(後半)公開,https://image02.seesaawiki.jp/k/h/kemono_friends3_5ch/ColUrVySsl.png,,,2024/07/19,,新章公開,エランド,,,,大きなあなたと,,,
野生大解放チャレンジ　シーサーバル・レフティ＆ライト編,https://image01.seesaawiki.jp/k/h/kemono_friends3_5ch/Xuwe828rPg.jpg,,野生大解放チャレンジ　シーサーバル・レフティ＆ライト編,2024/07/11,2024/07/17 23:59:00,野生大解放,,,,,,,,
体力測定 イワハイラックス編,https://image01.seesaawiki.jp/k/h/kemono_friends3_5ch/6S6vkWlKJj.png,,,2024/07/04,2024/07/18 14:00:00,体力測定,イワハイラックス,,,,どこにいますかね？,,,
ジャングル！立ち入りＯＫパトロール,https://image02.seesaawiki.jp/k/h/kemono_friends3_5ch/N8kKvFqrC6.png,,,2024/06/27,2024/07/04 14:00:00,シナリオ(通常),ボルネオゾウ,,,,かっこよく？がおー！,ぱお～んすぷらっしゅ！,,
第40回 セルリアン大掃除,https://image01.seesaawiki.jp/k/h/kemono_friends3_5ch/8c1U9yf5wd.jpeg,,,2024/06/20,2024/06/27 14:00:00,大掃除,スペインオオヤマネコ,,,,,,,
体力測定 バイソン編,https://image01.seesaawiki.jp/k/h/kemono_friends3_5ch/6S6vkWlKJj.png,,,2024/06/14,2024/06/27 14:00:00,体力測定,バイソン,,,,渾身の一発,,,
フレンズ激闘！　けもの大武闘会～夏～,https://image01.seesaawiki.jp/k/h/kemono_friends3_5ch/Q8c534_zxQ.png,,,2024/05/30,2024/06/13 14:00:00,シナリオ(マップ),【ハツラツなつっこ！】バンドウイルカ,赤龍,,,しろいこみ～っけた！,森の声,譲れない一歩,
第39回 セルリアン大掃除,https://image01.seesaawiki.jp/k/h/kemono_friends3_5ch/8c1U9yf5wd.jpeg,,,2024/05/23,2024/05/30 14:00:00,大掃除,マナティー,,,,,,,
第19回 とくべつくんれん,https://image02.seesaawiki.jp/k/h/kemono_friends3_5ch/VqBe97a2oI.png,,,2024/05/17,2024/05/23 14:00:00,とくべつくんれん,セグロジャッカル,,,,,,,
体力測定 サバンナセンザンコウ編,https://image01.seesaawiki.jp/k/h/kemono_friends3_5ch/6S6vkWlKJj.png,,,2024/05/09,2024/05/23 14:00:00,体力測定,サバンナセンザンコウ,,,,鉄壁の突撃,,,
じゃぱり城のキンシャチ物語,https://image02.seesaawiki.jp/k/h/kemono_friends3_5ch/xl7tU3RuNf.jpg,,,2024/05/01,2024/05/09 14:00:00,シナリオ(通常),キンシャチ,,,,黄金にかがやくのは,おかしこうかんこ！,,
野生大解放チャレンジ　カバ編,https://image01.seesaawiki.jp/k/h/kemono_friends3_5ch/Xuwe828rPg.jpg,,,2024/04/26,2024/06/02 23:59:00,野生大解放,,,,,,,,
メインストーリー＜シーズン３＞4章(前半)公開,https://image02.seesaawiki.jp/k/h/kemono_friends3_5ch/tdLvCEsjAl.png,,,2024/04/18,,新章公開,ハゲワシ,,,,,,,
体力測定 アリゲーター編,https://image01.seesaawiki.jp/k/h/kemono_friends3_5ch/FqHQdDWkBb.jpg,,体力測定 アリゲーター編,2024/04/11,2024/04/25 14:00:00,体力測定,アリゲーター,,,,たまには、ね,,,
お宝発見！？イースター！,https://image01.seesaawiki.jp/k/h/kemono_friends3_5ch/XKuDUCrtDH.jpg,,,2024/04/04,2024/04/11 14:00:00,シナリオ(通常),イエウサギ,,,,サラダパーティー！,すながくれのヒーロー,,
フレンズ集合！　けもの大武闘会～春～,https://image02.seesaawiki.jp/k/h/kemono_friends3_5ch/I7gRC1y0LF.jpg,,,2024/03/15,2024/04/04 14:00:00,シナリオ(マップ),【野生がうずうずしちゃいます♡】ピーチパンサー,真・青龍,,,パークの春いちばん！,サービスです♡,とくべつステージだよ！,最強のトリは…！？
第38回 セルリアン大掃除,https://image01.seesaawiki.jp/k/h/kemono_friends3_5ch/8c1U9yf5wd.jpeg,,,2024/03/14,2024/04/04 14:00:00,大掃除,グリズリー,,,,,,,
野生大解放チャレンジ　カンザシフウチョウ編,https://image01.seesaawiki.jp/k/h/kemono_friends3_5ch/FDcawgxPzo.jpg,,,2024/03/08,2024/03/14 23:59:00,野生大解放,アジアゴールデンキャット,,,,,,,
体力測定 アカカンガルー編,https://image01.seesaawiki.jp/k/h/kemono_friends3_5ch/6S6vkWlKJj.png,,,2024/02/29,2024/03/14 14:00:00,体力測定,アカカンガルー,,,,れっつぱーんち！,,,
第18回 とくべつくんれん,https://image02.seesaawiki.jp/k/h/kemono_friends3_5ch/VqBe97a2oI.png,,,2024/02/22,2024/02/29 14:00:00,とくべつくんれん,,,,,,,,
ギロロ＆夏美　乙女でけものな大変身！,https://image02.seesaawiki.jp/k/h/kemono_friends3_5ch/vrEk9pABD5.jpg,,,2024/02/16,2024/03/03 14:00:00,シナリオ(コラボ),日向夏美,ギロロ,,,あそびのちょうせん,わたしのきたえたワザ！,,
体力測定 アラスカラッコ編,https://image02.seesaawiki.jp/k/h/kemono_friends3_5ch/mnfsI_FN0N.jpg,,体力測定 アラスカラッコ編,2024/02/08,2024/02/22 14:00:00,体力測定,アラスカラッコ,,,,てやってやっ、ぜんりょく！,,,
このチョコ　謎チョコ　誰のチョコ？,https://image02.seesaawiki.jp/k/h/kemono_friends3_5ch/kt209Q07UC.jpg,,,2024/02/01,2024/02/08 14:00:00,シナリオ(通常),ビントロング,,,,しずかな朝,ぶら～ん？,,
第37回 セルリアン大掃除,https://image01.seesaawiki.jp/k/h/kemono_friends3_5ch/8c1U9yf5wd.jpeg,,,2024/01/25,2024/02/01 14:00:00,大掃除,ステラーカイギュウ,,,,,,,
野生大解放チャレンジ　タスマニアデビル編,https://image02.seesaawiki.jp/k/h/kemono_friends3_5ch/awBzCYLTy5.jpg,,,2024/01/18,2024/01/24 23:59:00,野生大解放,,,,,,,,
体力測定 エリマキトカゲ編,https://image02.seesaawiki.jp/k/h/kemono_friends3_5ch/nIkwohuwO3.jpg,,体力測定 エリマキトカゲ編,2024/01/11,2024/01/25 14:00:00,体力測定,エリマキトカゲ,,,,しょうがないわね！,,,
ビビらずいくぞ！年末煩悩大暴走！,https://image01.seesaawiki.jp/k/h/kemono_friends3_5ch/pkCCDG9Ui1.jpg,,,2023/12/27,2024/01/11 14:00:00,シナリオ(通常),インドシナウォータードラゴン,【夏の日の思い出は毒とともに】コモドドラゴン,,,川のせせらぎ,隊長さんお手製の！,福よこいこい！,
第36回 セルリアン大掃除,https://image01.seesaawiki.jp/k/h/kemono_friends3_5ch/8c1U9yf5wd.jpeg,,,2023/12/21,2023/12/28 14:00:00,大掃除,キットギツネ,,,,,,,
メインストーリー＜シーズン３＞3章(後半)公開,https://image02.seesaawiki.jp/k/h/kemono_friends3_5ch/1R455rdipO.png,,,2023/12/14,,新章公開,ワオキツネザル,,,,はじまりのおと,,,
体力測定 バンテン編,https://image02.seesaawiki.jp/k/h/kemono_friends3_5ch/dYo_0mQzdp.jpg,,,2023/12/07,2023/12/21 14:00:00,体力測定,バンテン,,,,タケノコみつけました～♪,,,
とびだせ！冬のトラベルアドベンチャー,https://image02.seesaawiki.jp/k/h/kemono_friends3_5ch/nNL_kwvDxp.jpg,,,2023/11/30,2023/12/14 14:00:00,シナリオ(マップ),ホンドテン,クロテン,,,ひんやり雪隠れ♪,うつくしさを映す,勝ったのは…？,
第35回 セルリアン大掃除,https://image01.seesaawiki.jp/k/h/kemono_friends3_5ch/8c1U9yf5wd.jpeg,,,2023/11/22,2023/11/30 14:00:00,大掃除,ニホンアナグマ,,,,,,,
第3回 みんなでおしゃれくらべ　特別ミッション,https://image02.seesaawiki.jp/k/h/kemono_friends3_5ch/bbXVzxpH6N.jpg,,,2023/11/16,2023/11/30 23:59:00,その他,,,,,,,,
野生大解放チャレンジ　オーストラリアデビル編,https://image01.seesaawiki.jp/k/h/kemono_friends3_5ch/hhIAFiQtye.jpg,,,2023/11/16,2023/11/22 23:59:00,野生大解放,マメジカ,,,,,,,
体力測定 ヤブツカツクリ編,https://image02.seesaawiki.jp/k/h/kemono_friends3_5ch/8FSaRg1qoA.jpg,,,2023/11/09,2023/11/22 14:00:00,体力測定,ヤブツカツクリ,,,,あたしのけっさく！,,,
突撃取材！　あなたの秋はどんな秋？,https://image02.seesaawiki.jp/k/h/kemono_friends3_5ch/9wnRZDF9xG.jpg,,,2023/11/02,2023/11/09 14:00:00,シナリオ(通常),ニホンジカ,,,,これからも、たくさん,リボンえらび,,
第34回 セルリアン大掃除,https://image01.seesaawiki.jp/k/h/kemono_friends3_5ch/8c1U9yf5wd.jpeg,,,2023/10/26,2023/11/02 14:00:00,大掃除,ツンドラオオカミ,,,,,,,
メインストーリー＜シーズン３＞3章(前半)公開,https://image01.seesaawiki.jp/k/h/kemono_friends3_5ch/bFani_XlIt.png,,,2023/10/19,,新章公開,ダイトウオオコウモリ,,,,,,,
第17回 とくべつくんれん,https://image02.seesaawiki.jp/k/h/kemono_friends3_5ch/VqBe97a2oI.png,,,2023/10/19,2023/10/26 14:00:00,とくべつくんれん,,,,,,,,
体力測定 アイベックス編,https://image02.seesaawiki.jp/k/h/kemono_friends3_5ch/L6yopqeR4d.jpg,,体力測定 アイベックス編,2023/10/12,2023/10/26 14:00:00,体力測定,アイベックス,,,,ひょいひょいっとね♪,,,
なにがでるかな？　宝探しパーティー！,https://image01.seesaawiki.jp/k/h/kemono_friends3_5ch/O00XsSC7_z.jpg,,,2023/10/05,2023/10/12 14:00:00,シナリオ(通常),ヒメウォンバット,,,,覇者の反撃,ポケットの中は…,,
第33回 セルリアン大掃除,https://image01.seesaawiki.jp/k/h/kemono_friends3_5ch/8c1U9yf5wd.jpeg,,,2023/09/28,2023/10/05 14:00:00,大掃除,ジャクソンカメレオン,,,,,,,
第13回 ジャパリパーク立ち入り禁止区域・解除開始,https://image01.seesaawiki.jp/k/h/kemono_friends3_5ch/p5BYsq9ERr.jpg,,第13回 ジャパリパーク立ち入り禁止区域・解除開始,2023/09/23,2023/09/30 14:00:00,共闘,ブラックサーバル,,,,サバンナのよる,きらめく☆ドリームレイン,,
体力測定 クビワペッカリー編,https://image01.seesaawiki.jp/k/h/kemono_friends3_5ch/IcyBqR45jU.jpg,,体力測定 クビワペッカリー編,2023/09/14,2023/09/28 14:00:00,体力測定,クビワペッカリー,,,,すてきなにおいに包まれて,,,
ウミウとカワウのパークアピールだう！,https://image02.seesaawiki.jp/k/h/kemono_friends3_5ch/qyEQG1mkew.jpg,,ウミウとカワウのパークアピールだう！,2023/08/31,2023/09/14 14:00:00,シナリオ(マップ),ウミウ,カワウ,,,やさしくお手入れ,ツイツイ♪負けないだう！,今日もあなたと！,
野生大解放チャレンジ　ブラックバック編,https://image01.seesaawiki.jp/k/h/kemono_friends3_5ch/s8iUA7pFAO.jpg,,野生大解放チャレンジ　ブラックバック編,2023/08/24,2023/08/30 23:59:00,野生大解放,,,,,,,,
のんほい☆サーバルとお家づくり,https://image01.seesaawiki.jp/k/h/kemono_friends3_5ch/y2BNg361SC.jpg,,のんほい☆サーバルとお家づくり,2023/08/17,2023/09/02 14:00:00,シナリオ(コラボ),ツチブタ,【大きな瞳の美人顔】サーバル,,,のんほい夕暮れだに,あったかぽかぽか,,
第32回 セルリアン大掃除,https://image01.seesaawiki.jp/k/h/kemono_friends3_5ch/8c1U9yf5wd.jpeg,,,2023/08/10,2023/08/17 14:00:00,大掃除,,,,,,,,
メインストーリー＜シーズン３＞2章(後半)公開,https://image02.seesaawiki.jp/k/h/kemono_friends3_5ch/MWtJq1clBs.png,,,2023/08/10,,新章公開,タスマニアタイガー,,,,やっと会えたね,,,
体力測定 インパラ編,https://image02.seesaawiki.jp/k/h/kemono_friends3_5ch/15CY_uhZq1.jpg,,体力測定 インパラ編,2023/08/03,2023/08/17 14:00:00,体力測定,インパラ,,,,もっと高く！,,,
教えて！　悪魔の先輩！？,https://image02.seesaawiki.jp/k/h/kemono_friends3_5ch/zttjSYugt9.jpg,,教えて！　悪魔の先輩！？,2023/07/27,2023/08/03 14:00:00,シナリオ(通常),エダハヘラオヤモリ,,,,なでなでご利益♪,ひっそり？どっきり！,,
第31回 セルリアン大掃除,https://image01.seesaawiki.jp/k/h/kemono_friends3_5ch/8c1U9yf5wd.jpeg,,,2023/07/20,2023/07/27 14:00:00,大掃除,ピューマ,,,,,,,
第16回 とくべつくんれん,https://image02.seesaawiki.jp/k/h/kemono_friends3_5ch/VqBe97a2oI.png,,,2023/07/13,2023/07/20 14:00:00,とくべつくんれん,タテガミオオカミ,,,,,,,
体力測定 ヒクイドリ編,https://image02.seesaawiki.jp/k/h/kemono_friends3_5ch/dXbyXDtQMg.jpg,,体力測定 ヒクイドリ編,2023/07/06,2023/07/20 14:00:00,体力測定,ヒクイドリ,,,,ちいさな願いごと,,,
ドキドキ？ワオーン！のオバケ探し,https://image01.seesaawiki.jp/k/h/kemono_friends3_5ch/uCI3z6jFMX.png,,,2023/06/29,2023/07/06 14:00:00,シナリオ(通常),N・ハイランドワイルドドッグ,,,,わんモア・メロディ♪,暑いねぇ～,,
野生大解放チャレンジ　ジェンツーペンギン編,https://image01.seesaawiki.jp/k/h/kemono_friends3_5ch/CHm7XwObuU.png,,,2023/06/22,2023/06/28 23:59:00,野生大解放,,,,,,,,
ワクドキ！ふかーい海のおともだち！？,https://image01.seesaawiki.jp/k/h/kemono_friends3_5ch/KdA1sd9izD.jpg,,,2023/06/19,2023/07/03 14:00:00,シナリオ(コラボ),シーラカンス,メンダコ,,,サマーリフレッシュ,ゆらゆらひかる,,
体力測定 マンドリル編,https://image02.seesaawiki.jp/k/h/kemono_friends3_5ch/qSKiraMXI9.jpg,,体力測定 マンドリル編,2023/06/08,2023/06/22 14:00:00,体力測定,マンドリル,,,,スマイルコミュニケーション,,,
ジメジメ？梅雨のちゃぷちゃぷ大騒動！,https://image02.seesaawiki.jp/k/h/kemono_friends3_5ch/cwJMbcfYbz.jpg,,,2023/05/25,2023/06/08 14:00:00,シナリオ(マップ),アフリカンゴールデンウルフ,キンイロジャッカル,,,ふしぎなうた,その手をにぎって,ごろぴか、どどーん！,
第30回 セルリアン大掃除,https://image01.seesaawiki.jp/k/h/kemono_friends3_5ch/8c1U9yf5wd.jpeg,,,2023/05/18,2023/05/25 14:00:00,大掃除,カンジキウサギ,,,,,,,
メインストーリー＜シーズン３＞2章(前半)公開,https://image02.seesaawiki.jp/k/h/kemono_friends3_5ch/ozUsfw5fEY.png,,,2023/05/11,,新章公開,フクロオオカミ,,,,,,,
野生大解放チャレンジ　ワシミミズク編,https://image02.seesaawiki.jp/k/h/kemono_friends3_5ch/zqlYaFwof_.jpg,,,2023/05/11,2023/05/17 23:59:00,野生大解放,,,,,,,,
愛鳥週間特別ミッション,https://image01.seesaawiki.jp/k/h/kemono_friends3_5ch/LmAIlSnRHc.png,,,2023/05/04,2023/05/18 23:59:00,その他,,,,,,,,
体力測定 カモメ編,https://image02.seesaawiki.jp/k/h/kemono_friends3_5ch/gNG1OLyilG.jpg,,体力測定 カモメ編,2023/05/04,2023/05/18 14:00:00,体力測定,カモメ,,,,どこまでも！,,,
隊長をたずねてニャン千里？,https://image01.seesaawiki.jp/k/h/kemono_friends3_5ch/RPfif5J1bZ.jpg,,,2023/04/27,2023/05/04 14:00:00,シナリオ(通常),オセロット,,,,ゲーム日和,ゆったり、の～んびり,,
第29回 セルリアン大掃除,https://image01.seesaawiki.jp/k/h/kemono_friends3_5ch/8c1U9yf5wd.jpeg,,,2023/04/20,2023/04/27 14:00:00,大掃除,ケープライオン,,,,,,,
第15回 とくべつくんれん,https://image02.seesaawiki.jp/k/h/kemono_friends3_5ch/VqBe97a2oI.png,,,2023/04/13,2023/04/20 14:00:00,とくべつくんれん,アリゾナジャガー,,,,,,,
体力測定 セキショクヤケイ編,https://image02.seesaawiki.jp/k/h/kemono_friends3_5ch/Wbw43SYxDT.jpg,,体力測定 セキショクヤケイ編,2023/04/06,2023/04/20 14:00:00,体力測定,セキショクヤケイ,,,,レディー・アフター,,,
できるもん！　スマトラトラの体験入団,https://image02.seesaawiki.jp/k/h/kemono_friends3_5ch/DgPsE4TAQh.jpg,,,2023/03/30,2023/04/06 14:00:00,シナリオ(通常),スマトラトラ,,,,予測不可能,せいくらべ,,
決定！　ジャパリパークの１等賞！,https://image01.seesaawiki.jp/k/h/kemono_friends3_5ch/zM5fmN9tep.png,,,2023/03/16,2023/03/30 14:00:00,シナリオ(マップ),【優秀な助手の出番なのです】ワシミミズク,【天才博士が通りますよ】アフリカオオコノハズク,,,ラッキー・デコレーション！,私が守る,フルーツみーつけた！,みんなを…笑顔に
メインストーリー＜シーズン３＞1章(後半)公開,https://image02.seesaawiki.jp/k/h/kemono_friends3_5ch/at4kxZYjwy.png,,,2023/03/10,,新章公開,ジェネット,,,,幸運の流れ星,,,
野生大解放チャレンジ　ホワイトライオン編,https://image02.seesaawiki.jp/k/h/kemono_friends3_5ch/TZeLmuzjs_.jpg,,,2023/03/10,2023/03/16 23:59:00,野生大解放,,,,,,,,
体力測定 エジプトガン編,https://image01.seesaawiki.jp/k/h/kemono_friends3_5ch/gruu2Xamf9.jpg,,体力測定 エジプトガン編,2023/03/02,2023/03/16 14:00:00,体力測定,エジプトガン,,,,すーぱーしょっと！,,,
第28回 セルリアン大掃除,https://image01.seesaawiki.jp/k/h/kemono_friends3_5ch/8c1U9yf5wd.jpeg,,,2023/02/23,2023/03/02 14:00:00,大掃除,カナダオオヤマネコ,,,,,,,
第14回 とくべつくんれん,https://image02.seesaawiki.jp/k/h/kemono_friends3_5ch/VqBe97a2oI.png,,,2023/02/16,2023/02/23 14:00:00,とくべつくんれん,,,,,,,,
メインストーリー＜シーズン３＞1章(前半)公開,https://image01.seesaawiki.jp/k/h/kemono_friends3_5ch/gCuwq3vY0L.png,,,2023/02/16,,新章公開,オジロスナギツネ,,,,,,,
体力測定 ハヤブサ編,https://image01.seesaawiki.jp/k/h/kemono_friends3_5ch/yFUw5E1VCH.jpg,,体力測定 ハヤブサ編,2023/02/09,2023/02/23 14:00:00,体力測定,ハヤブサ,,,,誰よりも速く！,,,
あま～い！　HAPPYバレンタイン！,https://image01.seesaawiki.jp/k/h/kemono_friends3_5ch/_66cECAbtL.jpg,,,2023/02/02,2023/02/09 14:00:00,シナリオ(通常),エトピリカ,,,,しろがくろでくろがしろで,スイート・チャレンジ,,
ケロロ軍曹、パークを頂戴であります！,https://image02.seesaawiki.jp/k/h/kemono_friends3_5ch/L8rIfGoo8e.jpg,,,2023/01/19,2023/02/02 14:00:00,シナリオ(コラボ),ケロロ,アリサ=サザンクロス,,,愛しいけものたち,おすすめのばしょでち！,,
野生大解放チャレンジ　アフリカオオコノハズク編,https://image01.seesaawiki.jp/k/h/kemono_friends3_5ch/AbiZQ6Mygp.jpg,,,2023/01/12,2023/01/18 23:59:00,野生大解放,,,,,,,,
体力測定 ヤブノウサギ編,https://image01.seesaawiki.jp/k/h/kemono_friends3_5ch/Xg_S1z9gHk.jpg,,体力測定 ヤブノウサギ編,2023/01/07,2023/01/19 14:00:00,体力測定,ヤブノウサギ,,,,シロクロつけるのさ！,,,
お正月！みんなでぺったん♪大勝負！？,https://image02.seesaawiki.jp/k/h/kemono_friends3_5ch/mFHArx14D0.jpg,,,2023/01/01,2023/01/08 14:00:00,シナリオ(通常),ユキウサギ,,,,もちもちぺったん,ぜったいに勝ーーつ！,ぴょんと年越し！,
第2回 みんなでおしゃれくらべ　特別ミッション,https://image02.seesaawiki.jp/k/h/kemono_friends3_5ch/bbXVzxpH6N.jpg,,,2022/12/28,2023/01/07 14:00:00,その他,,,,,,,,
みんなでどたばた！年越し準備！！,https://image02.seesaawiki.jp/k/h/kemono_friends3_5ch/188YqSEK39.jpg,,みんなでどたばた！年越し準備！！,2022/12/28,2023/01/04 14:00:00,四神,,,,,,,,
第27回 セルリアン大掃除,https://image01.seesaawiki.jp/k/h/kemono_friends3_5ch/8c1U9yf5wd.jpeg,,,2022/12/21,2022/12/28 14:00:00,大掃除,【わたしを頼ってね！】アカギツネ,,,,,,,
体力測定 ドールシープ編,https://image01.seesaawiki.jp/k/h/kemono_friends3_5ch/j04I75DIEX.jpg,,体力測定 ドールシープ編,2022/12/08,2022/12/21 14:00:00,体力測定,ドールシープ,,,,カフェのひととき,,,
三位一体！　疾風忍者隊参上！,https://image02.seesaawiki.jp/k/h/kemono_friends3_5ch/FNNkvtMvN1.jpg,,,2022/11/24,2022/12/08 14:00:00,シナリオ(マップ),カマイタチ・転,カマイタチ・切,カマイタチ・治,,ゆきだまごろごろ,日頃の相談,すぺしゃるコンコンクッキング,
みんなでおしゃれくらべ　特別ミッション,https://image02.seesaawiki.jp/k/h/kemono_friends3_5ch/bbXVzxpH6N.jpg,,,2022/11/17,2022/11/24 14:00:00,その他,,,,,,,,
第26回 セルリアン大掃除,https://image01.seesaawiki.jp/k/h/kemono_friends3_5ch/8c1U9yf5wd.jpeg,,,2022/11/17,2022/11/24 14:00:00,大掃除,【シマシマ伝道師】サバンナシマウマ,,,,,,,
メインストーリー＜シーズン3＞0章公開,https://image02.seesaawiki.jp/k/h/kemono_friends3_5ch/xdvRozJc_R.png,,,2022/11/11,,新章公開,カニクイアライグマ,,,,どきどき、きらきら,,,
野生大解放チャレンジ　イワトビペンギン編,https://image01.seesaawiki.jp/k/h/kemono_friends3_5ch/0Wbxt1PUo0.jpg,,,2022/11/11,2022/11/17 23:59:00,野生大解放,,,,,,,,
体力測定 ボブキャット編,https://image01.seesaawiki.jp/k/h/kemono_friends3_5ch/vIRK70Ct9_.jpg,,体力測定 ボブキャット編,2022/11/04,2022/11/17 14:00:00,体力測定,ボブキャット,,,,ありがとうの花束,,,
短気は損気？ブラックマンバの大奮闘！,https://image02.seesaawiki.jp/k/h/kemono_friends3_5ch/qBPIrJB8MJ.jpg,,,2022/10/27,2022/11/04 14:00:00,シナリオ(通常),ブラックマンバ,,,,メガネのすすめ,お届けの準備です～♪,,
第25回 セルリアン大掃除,https://image01.seesaawiki.jp/k/h/kemono_friends3_5ch/8c1U9yf5wd.jpeg,,,2022/10/20,2022/10/27 14:00:00,大掃除,ディアトリマ,,,,,,,
第13回 とくべつくんれん,https://image02.seesaawiki.jp/k/h/kemono_friends3_5ch/VqBe97a2oI.png,,,2022/10/13,2022/10/20 14:00:00,とくべつくんれん,シベリアオオヤマネコ,,,,,,,
体力測定 リュウキュウイノシシ編,https://image01.seesaawiki.jp/k/h/kemono_friends3_5ch/28kD60D9vc.jpg,,体力測定 リュウキュウイノシシ編,2022/10/06,2022/10/20 14:00:00,体力測定,リュウキュウイノシシ,,,,わたしの太鼓、どうですか？,,,
ウサギコウモリのしゅーがくりょこー,https://image02.seesaawiki.jp/k/h/kemono_friends3_5ch/Brwv1Yanlg.jpg,,,2022/09/29,2022/10/06 14:00:00,シナリオ(通常),ウサギコウモリ,,,,お気に入りのごちそう,たんけんたいのお家調査！,,
高まれ！　月光の夜想曲！！,https://image01.seesaawiki.jp/k/h/kemono_friends3_5ch/hTNk6c8b42.jpg,,高まれ！　月光の夜想曲！！,2022/09/15,2022/09/29 14:00:00,シナリオ(マップ),ツクヨミノシンシ,【解き放たれしダークネスホーン】ブラックバック,,,よるの流星,まじウマ団子,見習いとしてっ！,はっぴー・さぷらいずパーティー！
第24回 セルリアン大掃除,https://image01.seesaawiki.jp/k/h/kemono_friends3_5ch/8c1U9yf5wd.jpeg,,,2022/09/08,2022/09/15 14:00:00,大掃除,オコジョ,,,,,,,
野生大解放チャレンジ マーゲイ編,https://image02.seesaawiki.jp/k/h/kemono_friends3_5ch/zLByUvPnPH.jpg,,,2022/09/01,2022/09/07 23:59:00,野生大解放,,,,,,,,
体力測定 ニホンノウサギ編,https://image02.seesaawiki.jp/k/h/kemono_friends3_5ch/CB68VCiJA1.jpg,,体力測定 ニホンノウサギ編,2022/08/25,2022/09/08 14:00:00,体力測定,ニホンノウサギ,,,,どんぐり大きくなーれ！,,,
第23回 セルリアン大掃除,https://image01.seesaawiki.jp/k/h/kemono_friends3_5ch/8c1U9yf5wd.jpeg,,,2022/08/18,2022/08/25 14:00:00,大掃除,,,,,,,,
メインストーリー＜シーズン2＞7章公開,https://image01.seesaawiki.jp/k/h/kemono_friends3_5ch/3AD9R3W2Qj.png,,,2022/08/18,,新章公開,コウノトリ,,,,めぐりゆく時のなかで,,,
叶えるモン！　夢のじゃぱり城,https://image01.seesaawiki.jp/k/h/kemono_friends3_5ch/JMwSyru9mL.jpg,,,2022/08/13,2022/08/25 14:00:00,シナリオ(コラボ),ちびくまモン,ひぐまモン,,,今夜はサイコー♪,かげあそび,,
体力測定 ルリコンゴウインコ編,https://image01.seesaawiki.jp/k/h/kemono_friends3_5ch/R9xCJl9Khd.jpg,,体力測定 ルリコンゴウインコ編,2022/08/04,2022/08/18 14:00:00,体力測定,ルリコンゴウインコ,,,,楽しくダンスダンス♪,,,
ヒヤヒヤ！？　真夏のバカンス！,https://image01.seesaawiki.jp/k/h/kemono_friends3_5ch/nEhJRB7xOn.jpg,,,2022/07/28,2022/08/04 14:00:00,シナリオ(通常),ブチハイエナ,,,,ゆったりパーク巡り,いっしょにもぐもぐ,,
隊長の休日INジャパリパーク～えくすとら～,https://image01.seesaawiki.jp/k/h/kemono_friends3_5ch/ytUOmYbMiO.jpg,,隊長の休日INジャパリパーク～えくすとら～,2022/07/25,2022/08/01 14:00:00,四神,麒麟,,,,,,,
第22回 セルリアン大掃除,https://image01.seesaawiki.jp/k/h/kemono_friends3_5ch/8c1U9yf5wd.jpeg,,,2022/07/21,2022/07/28 14:00:00,大掃除,ホラアナライオン,,,,,,,
第12回 とくべつくんれん,https://image02.seesaawiki.jp/k/h/kemono_friends3_5ch/VqBe97a2oI.png,,,2022/07/14,2022/07/21 14:00:00,とくべつくんれん,ヒゲペンギン,,,,,,,
体力測定 ゴルゴプスカバ編,https://image01.seesaawiki.jp/k/h/kemono_friends3_5ch/kMCAkry9tu.jpg,,体力測定 ゴルゴプスカバ編,2022/07/07,2022/07/21 14:00:00,体力測定,ゴルゴプスカバ,,,,,,,
野生大解放チャレンジ デグー編,https://image01.seesaawiki.jp/k/h/kemono_friends3_5ch/bt5HHvV4fC.jpg,,,2022/07/05,2022/07/11 23:59:00,野生大解放,,,,,ひっそりまったり,,,
はかれ！　海辺の仲良しキョリ！,https://image01.seesaawiki.jp/k/h/kemono_friends3_5ch/Zl0HcoyUOg.jpg,,,2022/06/30,2022/07/07 14:00:00,シナリオ(通常),アフリカタテガミヤマアラシ,,,,しずかな月夜,ひとやすみですぅ,,
第21回 セルリアン大掃除,https://image01.seesaawiki.jp/k/h/kemono_friends3_5ch/8c1U9yf5wd.jpeg,,,2022/06/23,2022/06/30 14:00:00,大掃除,インドサイ,,,,,,,
メインストーリー＜シーズン2＞6章(後半)公開,https://image01.seesaawiki.jp/k/h/kemono_friends3_5ch/gOm6cAbKa1.png,,,2022/06/23,,新章公開,,,,,ただいま,,,
第11回 とくべつくんれん,https://image02.seesaawiki.jp/k/h/kemono_friends3_5ch/VqBe97a2oI.png,,,2022/06/13,2022/06/20 14:00:00,とくべつくんれん,,,,,,,,
体力測定 マサイキリン編,https://image02.seesaawiki.jp/k/h/kemono_friends3_5ch/_urDsfOQ2v.jpg,,体力測定 マサイキリン編,2022/06/09,2022/06/23 14:00:00,体力測定,マサイキリン,,,,さんぽみち,,,
ごっつん！コメディーインパクト！,https://image02.seesaawiki.jp/k/h/kemono_friends3_5ch/g1Y3JP_dD_.jpg,,ごっつん！コメディーインパクト！,2022/05/26,2022/06/09 14:00:00,シナリオ(マップ),エメラルドツリーボア,アマゾンツリーボア,,,応援の歌,なんでやねん！,砂漠の先には,
第12回 ジャパリパーク立ち入り禁止区域・解除開始,https://image01.seesaawiki.jp/k/h/kemono_friends3_5ch/p5BYsq9ERr.jpg,,第12回 ジャパリパーク立ち入り禁止区域・解除開始,2022/05/19,2022/05/26 14:00:00,共闘,ツシマヤマネコ,,,,ひかりあつめ,,,
ガチャピンとムックの謎の島大冒険！,https://image01.seesaawiki.jp/k/h/kemono_friends3_5ch/cIHn7BeVZp.jpg,,,2022/05/16,2022/05/30 14:00:00,シナリオ(コラボ),ガチャピン,ムック,,,お空にむかって,なつかしのお味,,
メインストーリー＜シーズン2＞6章(前半)公開,https://image02.seesaawiki.jp/k/h/kemono_friends3_5ch/OtP_H6Merr.png,,,2022/05/13,,新章公開,アオツラカツオドリ,,,,,,,
野生大解放チャレンジ チンチラ編,https://image01.seesaawiki.jp/k/h/kemono_friends3_5ch/lDRwRWkkBn.jpg,,,2022/05/10,2022/05/16 23:59:00,野生大解放,,,,,,,,
体力測定 ホロホロチョウ編,https://image02.seesaawiki.jp/k/h/kemono_friends3_5ch/QbZC2gzLsr.jpg,,体力測定 ホロホロチョウ編,2022/05/05,2022/05/19 14:00:00,体力測定,ホロホロチョウ,,,,てんてんハンティング,,,
キラリ輝け☆ファッションチェック！,https://image01.seesaawiki.jp/k/h/kemono_friends3_5ch/FmGDUTxKYR.jpg,,,2022/04/28,2022/05/05 14:00:00,シナリオ(通常),キジ,,,,ざぶざぶごろごろ,とりーとめんと？,,
第20回 セルリアン大掃除,https://image01.seesaawiki.jp/k/h/kemono_friends3_5ch/8c1U9yf5wd.jpeg,,,2022/04/21,2022/04/28 14:00:00,大掃除,セイウチ,,,,,,,
第10回 とくべつくんれん,https://image02.seesaawiki.jp/k/h/kemono_friends3_5ch/VqBe97a2oI.png,,,2022/04/14,2022/04/21 14:00:00,とくべつくんれん,ヒメアルマジロ,,,,,,,
体力測定 ホッキョクグマ編,https://image01.seesaawiki.jp/k/h/kemono_friends3_5ch/JuRvoRGccN.jpg,,体力測定 ホッキョクグマ編,2022/04/07,2022/04/21 14:00:00,体力測定,ホッキョクグマ,,,,すいすいすい～,,,
目指せ！　マッスルたちの夢の園！！,https://image01.seesaawiki.jp/k/h/kemono_friends3_5ch/3wjsNJjuv9.jpg,,,2022/03/31,2022/04/07 14:00:00,シナリオ(通常),ラーテル,,,,かくれんぼ,たぎってきた！,,
はなまる寄れば文殊の知恵！,https://image01.seesaawiki.jp/k/h/kemono_friends3_5ch/1PSYXpFJYG.jpg,,はなまる寄れば文殊の知恵！,2022/03/24,2022/03/31 14:00:00,四神,コヨーテ,,,,すてっぷあっぷ・アドベンチャー,,,
メインストーリー＜シーズン2＞5章(後半)公開,https://image02.seesaawiki.jp/k/h/kemono_friends3_5ch/IrwQFGZB0v.png,,,2022/03/24,,新章公開,,,,,ジャパリラインの夜,,,
野生大解放チャレンジ オオセンザンコウ編,https://image01.seesaawiki.jp/k/h/kemono_friends3_5ch/pOtR9oJc1f.jpg,,野生大解放チャレンジ オオセンザンコウ編,2022/03/17,2022/03/23 23:59:00,野生大解放,,,,,,,,
体力測定 オランウータン編,https://image02.seesaawiki.jp/k/h/kemono_friends3_5ch/0BwpqqZIMH.jpg,,体力測定 オランウータン編,2022/03/10,2022/03/24 14:00:00,体力測定,オランウータン,,,,まばたき禁止やで！,,,
ド派手にかませ！　感謝のホワイトフェス,https://image01.seesaawiki.jp/k/h/kemono_friends3_5ch/w8MnsWgoqb.jpg,,,2022/02/28,2022/03/14 14:00:00,シナリオ(マップ),オオサイチョウ,ツノサイチョウ,,,ロックロック,パンキッシュ・ビート,ぜったいぜつめい！,
第19回 セルリアン大掃除,https://image01.seesaawiki.jp/k/h/kemono_friends3_5ch/8c1U9yf5wd.jpeg,,,2022/02/21,2022/02/28 14:00:00,大掃除,【こっわーい悪魔だぞぉ！】タスマニアデビル,【隻眼の悪魔†】オーストラリアデビル,,,,,,
いかいのとびらがひらかれた！,https://image01.seesaawiki.jp/k/h/kemono_friends3_5ch/0tyaC0Jsx4.jpg,,,2022/02/18,2022/03/04 14:00:00,シナリオ(コラボ),でびるさま,,,,しんけんしょうぶ,ぶゆうでん！,,
「ブレイドエクスロード」タイアップキャンペーン,https://image01.seesaawiki.jp/k/h/kemono_friends3_5ch/btLrDkOXN9.jpg,,,2022/02/15,2022/02/28 15:00:00,タイアップ,,,,,,,,
第9回 とくべつくんれん,https://image02.seesaawiki.jp/k/h/kemono_friends3_5ch/VqBe97a2oI.png,,,2022/02/11,2022/02/18 14:00:00,とくべつくんれん,,,,,,,,
メインストーリー＜シーズン2＞5章(前半)公開,https://image02.seesaawiki.jp/k/h/kemono_friends3_5ch/N5bnHftUVC.png,,,2022/02/11,,新章公開,カコミスル,,,,,,,
体力測定 シマハイイロギツネ編,https://image02.seesaawiki.jp/k/h/kemono_friends3_5ch/xLNzp8hijx.jpg,,体力測定 シマハイイロギツネ編,2022/02/04,2022/02/18 14:00:00,体力測定,シマハイイロギツネ,,,,忘れ物は…なかったよね？,,,
届け！　まごころバレンタイン！,https://image01.seesaawiki.jp/k/h/kemono_friends3_5ch/Ib_mIbmyof.jpg,,,2022/01/28,2022/02/04 14:00:00,シナリオ(通常),フクロネコ,,,,ときめきオシャレモード,チョコレート・トラップ,,
第11回 ジャパリパーク立ち入り禁止区域・解除開始,https://image01.seesaawiki.jp/k/h/kemono_friends3_5ch/p5BYsq9ERr.jpg,,第11回 ジャパリパーク立ち入り禁止区域・解除開始,2022/01/21,2022/01/28 14:00:00,共闘,オオカワウソ,,,,伝統の味,,,
野生大解放チャレンジ キタキツネ編,https://image02.seesaawiki.jp/k/h/kemono_friends3_5ch/jcW4QAZl7e.jpg,,野生大解放チャレンジ キタキツネ編,2022/01/14,2022/01/20 23:59:00,野生大解放,,,,,,,,
体力測定 コアラ編,https://image02.seesaawiki.jp/k/h/kemono_friends3_5ch/majGC7cxL4.jpg,,体力測定 コアラ編,2022/01/07,2022/01/21 14:00:00,体力測定,コアラ,,,,見守っていますよ,,,
絶対に負けない！　新年タイガー道場,https://image02.seesaawiki.jp/k/h/kemono_friends3_5ch/59k4AGXBz4.jpg,,,2022/01/01,2022/01/07 14:00:00,シナリオ(通常),トラ,,,,トップスピード！！,ねらいをさだめて,,
第18回 セルリアン大掃除,https://image01.seesaawiki.jp/k/h/kemono_friends3_5ch/8c1U9yf5wd.jpeg,,,2021/12/24,2021/12/31 23:59:00,大掃除,【ブームの予感ですよ？】チベットスナギツネ,【ニャギっとスタイリッシュ】マヌルネコ,,,,,,
メインストーリー＜シーズン2＞4章(後半)公開,https://image02.seesaawiki.jp/k/h/kemono_friends3_5ch/HDF8ZwJirr.png,,,2021/12/16,,新章公開,ブラッザグエノン,,,,おそろいなのだ！,,,
第8回 とくべつくんれん,https://image02.seesaawiki.jp/k/h/kemono_friends3_5ch/VqBe97a2oI.png,,,2021/12/14,2021/12/21 14:00:00,とくべつくんれん,,,,,,,,
「黒騎士と白の魔王」タイアップキャンペーン,https://image01.seesaawiki.jp/k/h/kemono_friends3_5ch/RRAXn2GgKd.jpg,,,2021/12/10,2022/12/17 15:00:00,タイアップ,,,,,,,,
体力測定 ホッキョクギツネ編,https://image02.seesaawiki.jp/k/h/kemono_friends3_5ch/IuU7ukyJ07.jpg,,体力測定 ホッキョクギツネ編,2021/12/10,2021/12/10 14:00:00,体力測定,ホッキョクギツネ,,,,ゆきみちさんさく,,,
吹雪だ！事件だ？雪山サバイバル！？,https://image01.seesaawiki.jp/k/h/kemono_friends3_5ch/xWCJ8bkv5v.jpg,,吹雪だ！事件だ？雪山サバイバル！？,2021/11/30,2021/12/14 14:00:00,シナリオ(マップ),ホッキョクオオカミ,ニホンザル,,,ゆきふるよあけ,秘・湯めぐり！,こたつでみかん,
第17回 セルリアン大掃除,https://image01.seesaawiki.jp/k/h/kemono_friends3_5ch/8c1U9yf5wd.jpeg,,,2021/11/22,2021/11/30 14:00:00,大掃除,ウンピョウ,ダイアウルフ,,,,,,
隊長の休日INジャパリパーク～四神襲来！～ スザク編,https://image02.seesaawiki.jp/k/h/kemono_friends3_5ch/O19vXKTQlV.jpg,,隊長の休日INジャパリパーク～四神襲来！～ スザク編,2021/11/18,2021/11/25 23:59:00,四神,セイリュウ,,,,,,,
メインストーリー＜シーズン2＞4章(前半)公開,https://image01.seesaawiki.jp/k/h/kemono_friends3_5ch/JGQNi4PT4J.png,,,2021/11/15,,新章公開,ロバ,,,,,,,
野生大解放チャレンジ キングコブラ編,https://image01.seesaawiki.jp/k/h/kemono_friends3_5ch/3IVV5r8tZ5.jpg,,野生大解放チャレンジ キングコブラ編,2021/11/12,2021/11/18 23:59:00,野生大解放,,,,,,,,
体力測定 シロヘラコウモリ編,https://image01.seesaawiki.jp/k/h/kemono_friends3_5ch/Jrfzh8J3a0.jpg,,体力測定 シロヘラコウモリ編,2021/11/04,2021/11/18 14:00:00,体力測定,シロヘラコウモリ,,,,吹け吹け天狗風,,,
不撓！テングコウモリ列伝,https://image02.seesaawiki.jp/k/h/kemono_friends3_5ch/feqoox3Zi4.jpg,,,2021/10/28,2021/11/04 14:00:00,シナリオ(通常),テングコウモリ,,,,さるすべり,ハロウィン・サプライズ！,,
第10回 ジャパリパーク立ち入り禁止区域・解除開始,https://image01.seesaawiki.jp/k/h/kemono_friends3_5ch/p5BYsq9ERr.jpg,,第10回 ジャパリパーク立ち入り禁止区域・解除開始,2021/10/21,2021/10/28 14:00:00,共闘,クズリ,トド,,,しょうぶのゆくえ,,,
第7回 とくべつくんれん,https://image02.seesaawiki.jp/k/h/kemono_friends3_5ch/VqBe97a2oI.png,,,2021/10/14,2021/10/21 14:00:00,とくべつくんれん,,,,,,,,
メインストーリー＜シーズン2＞３章公開,https://image01.seesaawiki.jp/k/h/kemono_friends3_5ch/oKYjxZVXnc.png,,,2021/10/14,,新章公開,ウミネコ,,,,キョウシュウチホーにて,,,
体力測定 コンゴウインコ編,https://image02.seesaawiki.jp/k/h/kemono_friends3_5ch/OK1DCWLzws.jpg,,体力測定 コンゴウインコ編,2021/10/07,2021/10/14 14:00:00,体力測定,コンゴウインコ,,,,シマシマ数え隊,,,
準備も楽しいハロウィンパーティー！,https://image01.seesaawiki.jp/k/h/kemono_friends3_5ch/AIOkcI0IUM.jpg,,,2021/09/30,2021/10/07 14:00:00,シナリオ(通常),フォークランドカラカラ,,,,あなたにあげるわ,うれしはずかし,,
第16回 セルリアン大掃除,https://image01.seesaawiki.jp/k/h/kemono_friends3_5ch/8c1U9yf5wd.jpeg,,,2021/09/22,2021/09/28 14:00:00,大掃除,パラケラテリウム,,,,,,,
けもの9課 SAK_20XX,https://image01.seesaawiki.jp/k/h/kemono_friends3_5ch/IY90t2f05_.png,,,2021/09/17,2021/10/01 14:00:00,シナリオ(コラボ),タチコマ type-S,タチコマ type-H,,,ワンツーステップ,やるときはやるよ,,
野生大解放チャレンジ ヘラジカ編,https://image02.seesaawiki.jp/k/h/kemono_friends3_5ch/I3c_kh3kt9.jpg,,野生大解放チャレンジ ヘラジカ編,2021/09/13,2021/09/18 14:00:00,野生大解放,,,,,,,,
体力測定 イエイヌ（シベリアンハスキー）編,https://image01.seesaawiki.jp/k/h/kemono_friends3_5ch/elVlSTsC8r.png,,体力測定 イエイヌ（シベリアンハスキー）編,2021/09/06,2021/09/20 14:00:00,体力測定,イエイヌ（シベリアンハスキー）,,,,ゆらゆらゆれて,,,
謳え！　踊れ！　幻のミュージカル！,https://image01.seesaawiki.jp/k/h/kemono_friends3_5ch/G9X08jxb3o.png,,謳え！　踊れ！　幻のミュージカル！,2021/08/27,2021/09/10 14:00:00,シナリオ(マップ),ゴールデンタビータイガー,マルタタイガー,イエイヌ（シバイヌ）,,ほっぷ、すてっぷ,踊り合いっこ,,
第9回 ジャパリパーク立ち入り禁止区域・解除開始,https://image01.seesaawiki.jp/k/h/kemono_friends3_5ch/p5BYsq9ERr.jpg,,第9回 ジャパリパーク立ち入り禁止区域・解除開始,2021/08/20,2021/08/27 14:00:00,共闘,アゴヒゲアザラシ,ノドグロミツオシエ,,,くものうえのけしき,,,
メインストーリー＜シーズン2＞２章(後半)公開,https://image02.seesaawiki.jp/k/h/kemono_friends3_5ch/myJTRS8o2g.png,,,2021/08/20,,新章公開,ニワトリ,,,,おひるのサイレン,,,
隊長の休日INジャパリパーク～四神襲来！～ ゲンブ編,https://image02.seesaawiki.jp/k/h/kemono_friends3_5ch/AioYHkODcJ.png,,隊長の休日INジャパリパーク～四神襲来！～ ゲンブ編,2021/08/16,2021/08/22 23:59:00,四神,スザク,,,,,,,
第6回 とくべつくんれん,https://image02.seesaawiki.jp/k/h/kemono_friends3_5ch/VqBe97a2oI.png,,,2021/08/08,2021/08/15 14:00:00,とくべつくんれん,,,,,,,,
体力測定 バーバリライオン編,https://image01.seesaawiki.jp/k/h/kemono_friends3_5ch/YCkciDKcxX.png,,体力測定 バーバリライオン編,2021/08/06,2021/08/20 14:00:00,体力測定,バーバリライオン,,,,タマちゃんスマイル！,,,
アツく闘え！納涼夏祭り,https://image02.seesaawiki.jp/k/h/kemono_friends3_5ch/tLNFIlQFiJ.png,,アツく闘え！納涼夏祭り,2021/08/01,2021/08/08 14:00:00,シナリオ(通常),イリエワニ,,,,なつまつり,ひなたでぬくぬく,,
第15回 セルリアン大掃除,https://image01.seesaawiki.jp/k/h/kemono_friends3_5ch/8c1U9yf5wd.jpeg,,第15回 セルリアン大掃除,2021/07/22,2021/07/30 13:59:00,大掃除,【みんなでジャスティス】ハクトウワシ,【みんなでクールに】オオタカ,,,,,,
世界ヘビの日特別ミッション,https://image02.seesaawiki.jp/k/h/kemono_friends3_5ch/xdoGsHQ_tZ.png,,,2021/07/16,2021/07/23 14:00:00,その他,,,,,,,,
メインストーリー＜シーズン2＞２章(前半)公開,https://image01.seesaawiki.jp/k/h/kemono_friends3_5ch/JH91u1zcDz.png,,,2021/07/16,,新章公開,ジョフロイネコ,,,,,,,
野生大解放チャレンジ アイアイ編,https://image02.seesaawiki.jp/k/h/kemono_friends3_5ch/tzekR2kwsO.png,,野生大解放チャレンジ アイアイ編,2021/07/10,2021/07/15 23:59:00,野生大解放,,,,,,,,
体力測定 オオウミガラス&マーモット編,https://image02.seesaawiki.jp/k/h/kemono_friends3_5ch/8W48gOG0wV.png,,体力測定 オオウミガラス&マーモット編,2021/07/08,2021/07/22 14:00:00,体力測定,オオウミガラス,マーモット,,,ふわふわわたあめ,,,
ナイトジャパリ～輝く竹を探して～,https://image01.seesaawiki.jp/k/h/kemono_friends3_5ch/aXA7zzCnyq.png,,ナイトジャパリ～輝く竹を探して～,2021/06/30,2021/07/08 14:00:00,シナリオ(通常),カグヤコウモリ,,,,月光のきらめき,いたずらバブルリング,,
第14回 セルリアン大掃除,https://image01.seesaawiki.jp/k/h/kemono_friends3_5ch/8c1U9yf5wd.jpeg,,第14回 セルリアン大掃除,2021/06/26,2021/07/03 14:00:00,大掃除,ヤタガラス,シヴァテリウム,,,,,,
みんなでけもぷよ！,https://image01.seesaawiki.jp/k/h/kemono_friends3_5ch/ho79JUSzLM.png,,みんなでけもぷよ！,2021/06/17,2021/06/30 14:00:00,シナリオ(コラボ),アフリカオニネズミ,ウィッチ,ドラコケンタウロス,,完成ですわ！,やみよのおとずれ,,
体力測定 インドオオカミ編,https://image01.seesaawiki.jp/k/h/kemono_friends3_5ch/5f3r6WyX6D.png,,体力測定 インドオオカミ編,2021/06/09,2021/06/23 14:00:00,体力測定,インドオオカミ,,,,スイートタイム,,,
第5回 とくべつくんれん,https://image02.seesaawiki.jp/k/h/kemono_friends3_5ch/VqBe97a2oI.png,,第5回 とくべつくんれん イベント概要,2021/06/09,2021/06/16 14:00:00,とくべつくんれん,,,,,,,,
隊長の休日INジャパリパーク～四神襲来！～ ビャッコ編,https://image01.seesaawiki.jp/k/h/kemono_friends3_5ch/ydFPOO_3Ob.png,,隊長の休日INジャパリパーク～四神襲来！～ ビャッコ編,2021/06/03,2021/06/09 14:00:00,四神,ゲンブ,,,,,,,
不思議な音と、オオきなミミの大冒険,https://image01.seesaawiki.jp/k/h/kemono_friends3_5ch/hTSW9WmJcz.png,,不思議な音と、オオきなミミの大冒険,2021/05/26,2021/06/09 14:00:00,シナリオ(マップ),オオミミギツネ,ヘビクイワシ,,,あまおとのしらべ,おれたちは！,JHR・パン食い競争の部,
第8回 ジャパリパーク立ち入り禁止区域・解除開始,https://image01.seesaawiki.jp/k/h/kemono_friends3_5ch/DRJDkpxB0u.png,,第8回 ジャパリパーク立ち入り禁止区域・解除開始,2021/05/19,2021/05/26 14:00:00,共闘,ゴリラ,ヒョウ,,,全力スプリント！,,,
メインストーリー＜シーズン2＞１章(後半)公開,https://image01.seesaawiki.jp/k/h/kemono_friends3_5ch/0FK7yn4H8W.png,,,2021/05/14,,新章公開,マンモス,,,,ジャパリミュージアム,,,
愛鳥週間特別ミッション,https://image01.seesaawiki.jp/k/h/kemono_friends3_5ch/d6rxEL8uhR.png,,,2021/05/11,2021/05/19 14:00:00,その他,ヤンバルクイナ,,,,,,,
体力測定 メキシコサラマンダー＆人面魚編,https://image01.seesaawiki.jp/k/h/kemono_friends3_5ch/db9ylki4PU.png,,体力測定 メキシコサラマンダー＆人面魚編,2021/05/05,2021/05/19 14:00:00,体力測定,メキシコサラマンダー,人面魚,,,,,,
野生大解放チャレンジ ピーチパンサー編,https://image02.seesaawiki.jp/k/h/kemono_friends3_5ch/4VxFAZs4U_.png,,野生大解放チャレンジ ピーチパンサー編,2021/05/02,2021/05/07 23:59:00,野生大解放,,,,,カラフルへんげ,,,
手をのばせ！　空飛ぶ魚へネコパンチ,https://image01.seesaawiki.jp/k/h/kemono_friends3_5ch/gCLHiT4p3J.png,,手をのばせ！　空飛ぶ魚へネコパンチ,2021/04/28,2021/05/05 14:00:00,シナリオ(通常),イエネコ,,,,応援レッスン！,おんせんごっこ,,
第13回 セルリアン大掃除,https://image01.seesaawiki.jp/k/h/kemono_friends3_5ch/8c1U9yf5wd.jpeg,,第13回 セルリアン大掃除,2021/04/21,2021/04/28 14:00:00,大掃除,フォッサ,ケープペンギン,,,,,,
メインストーリー＜シーズン2＞１章(前半)公開,https://image02.seesaawiki.jp/k/h/kemono_friends3_5ch/NvblO0Gkmf.png,,,2021/04/14,,新章公開,ハシブトガラス,,,,,,,
第4回 とくべつくんれん,https://image02.seesaawiki.jp/k/h/kemono_friends3_5ch/VqBe97a2oI.png,,第4回 とくべつくんれん イベント概要,2021/04/10,2021/04/16 23:59:00,とくべつくんれん,,,,,,,,
体力測定 ハブ編,https://image02.seesaawiki.jp/k/h/kemono_friends3_5ch/LMVakLD37w.png,,体力測定 ハブ編,2021/04/07,2021/04/21 14:00:00,体力測定,ハブ,,,,チイさなセンセイ,,,
隊長の休日INジャパリパーク～四神襲来！～ セイリュウ編,https://image02.seesaawiki.jp/k/h/kemono_friends3_5ch/3fO0Buhus7.png,,隊長の休日INジャパリパーク～四神襲来！～ セイリュウ編,2021/04/03,2021/04/09 23:59:00,四神,ビャッコ,,,,,,,
みんなで仲良くお花見タイム！,https://image02.seesaawiki.jp/k/h/kemono_friends3_5ch/QBmlWWfHqp.png,,みんなで仲良くお花見タイム！,2021/03/31,2021/04/07 14:00:00,シナリオ(通常),カルガモ,,,,孤高なる修行,おはなみびより,,
第7回 ジャパリパーク立ち入り禁止区域・解除開始,https://image02.seesaawiki.jp/k/h/kemono_friends3_5ch/Uc7fBdDRK8.png,,第7回 ジャパリパーク立ち入り禁止区域・解除開始,2021/03/25,2021/04/01 14:00:00,共闘,サーバル,,,,ぼいすとれーにんぐ,,,
メインストーリー＜シーズン2＞0章公開,https://image01.seesaawiki.jp/k/h/kemono_friends3_5ch/IXs3_It6r1.png,,,2021/03/19,,新章公開,セーバル,,,,ジャパリパーク着任の日,,,
想い伝われ！ありがとうパーティー！,https://image01.seesaawiki.jp/k/h/kemono_friends3_5ch/_rPjQcpHGe.png,,想い伝われ！ありがとうパーティー！,2021/03/12,2021/03/25 14:00:00,シナリオ(マップ),【頼れる副隊長】ドール,【正義の家庭教師】ミーアキャット,【わっふいわっふーい！】マイルカ,,ぬへー,とっておきの一杯,,
第12回 セルリアン大掃除,https://image01.seesaawiki.jp/k/h/kemono_friends3_5ch/8c1U9yf5wd.jpeg,,第12回 セルリアン大掃除,2021/03/05,2021/03/12 14:00:00,大掃除,ケツァール,,,,,,,
風の迷子と燃ゆる羽,https://image02.seesaawiki.jp/k/h/kemono_friends3_5ch/uaXV0BifXY.png,,風の迷子と燃ゆる羽,2021/02/26,2021/03/12 14:00:00,シナリオ(コラボ),ユニコ,火の鳥,,,ごくさいしき,一閃,,
野生大解放チャレンジ アルパカ・ワカイヤ編,https://image02.seesaawiki.jp/k/h/kemono_friends3_5ch/F4o2ro9oqA.png,,野生大解放チャレンジ アルパカ・ワカイヤ編,2021/02/24,2021/03/01 23:59:00,野生大解放,,,,,ときいろに染まる空,,,
第11回 セルリアン大掃除,https://image01.seesaawiki.jp/k/h/kemono_friends3_5ch/8c1U9yf5wd.jpeg,,第11回 セルリアン大掃除,2021/02/19,2021/02/26 14:00:00,大掃除,【一撃の極意】ブラックジャガー,【連撃の極意】ジャガー,,,,,,
セーバルぶらり旅 第5章公開,https://image01.seesaawiki.jp/k/h/kemono_friends3_5ch/qXOzpBIhfe.png,,,2021/02/12,,新章公開,オカピ,,,,,,,
第3回 とくべつくんれん,https://image02.seesaawiki.jp/k/h/kemono_friends3_5ch/VqBe97a2oI.png,,第3回 とくべつくんれん イベント概要,2021/02/05,2021/02/12 14:00:00,とくべつくんれん,,,,,,,,
体力測定 タテゴトアザラシ編,https://image02.seesaawiki.jp/k/h/kemono_friends3_5ch/41lWoWTex_.png,,体力測定 タテゴトアザラシ編,2021/02/05,2021/02/19 14:00:00,体力測定,タテゴトアザラシ,,,,ゆきやまコンサート,,,
ブラックジャガーパーク２号店計画中！,https://image01.seesaawiki.jp/k/h/kemono_friends3_5ch/05Ip1VbXM6.png,,ブラックジャガーパーク２号店計画中！,2021/01/29,2021/02/05 14:00:00,シナリオ(通常),サーベルタイガー,,,,りらくぜーしょん,オシャレ度アップ,,
第6回 ジャパリパーク立ち入り禁止区域・解除開始,https://image02.seesaawiki.jp/k/h/kemono_friends3_5ch/xirVrYawpV.png,,第6回 ジャパリパーク立ち入り禁止区域・解除開始,2021/01/22,2021/01/29 14:00:00,共闘,ヤク,ニホンカワウソ,,,ちょっとはいしゃく！,,,
セーバルぶらり旅 第4章公開,https://image01.seesaawiki.jp/k/h/kemono_friends3_5ch/xFzVp_Bopv.png,,,2021/01/15,,新章公開,アデリーペンギン,,,,,,,
野生大解放チャレンジ キンシコウ編,https://image02.seesaawiki.jp/k/h/kemono_friends3_5ch/NidSBt5d0c.png,,野生大解放チャレンジ キンシコウ編,2021/01/09,2021/01/15 14:00:00,野生大解放,,,,,こころほかほか,,,
体力測定 オーロックス編,https://image02.seesaawiki.jp/k/h/kemono_friends3_5ch/iAwMbSomZv.jpg,,体力測定 オーロックス編,2021/01/08,2021/01/22 14:00:00,体力測定,オーロックス,,,,,,,
つくろう！新年MAXサンライズ牛乳,https://image01.seesaawiki.jp/k/h/kemono_friends3_5ch/Xi0poc5xQl.jpg,,つくろう！新年MAXサンライズ牛乳,2021/01/01,2021/01/08 14:00:00,シナリオ(通常),ホルスタイン,,,,できたてをどうぞ！,新春羽根突き対決！,,
第2回 野生大解放チャレンジ タイリクオオカミ編,https://image01.seesaawiki.jp/k/h/kemono_friends3_5ch/S_pZ__UJun.png,,第2回 野生大解放チャレンジ タイリクオオカミ編,2020/12/26,2020/12/31 23:59:00,野生大解放,,,,,,,,
フシギな友達 キティ＆ミミィサーバル,https://image02.seesaawiki.jp/k/h/kemono_friends3_5ch/DcMkuRFNil.png,,フシギな友達 キティ＆ミミィサーバル,2020/12/24,2020/01/08 14:00:00,シナリオ(コラボ),キティサーバル,ミミィサーバル,,,だいすきなぬいぐるみ,せーので うー、がおー！,,
セーバルぶらり旅 第3章公開,https://image01.seesaawiki.jp/k/h/kemono_friends3_5ch/4KfV7NnHDK.png,,,2020/12/17,,新章公開,クロヒョウ,,,,,,,
体力測定 キタキツネ編,https://image02.seesaawiki.jp/k/h/kemono_friends3_5ch/RzR0CqwY_r.png,,体力測定 キタキツネ編,2020/12/10,2020/12/24 14:00:00,体力測定,【ぷろげーまー】キタキツネ,【天才発明家・Ｇ】ギンギツネ,,,聖なる夜のおくりもの,,,
第2回 とくべつくんれん,https://image02.seesaawiki.jp/k/h/kemono_friends3_5ch/VqBe97a2oI.png,,第2回 とくべつくんれん イベント概要,2020/12/10,2020/12/17 14:00:00,とくべつくんれん,アカギツネ,,,,聖なる夜のおくりもの,,,
祭りだ！屋台だ！アテンション！,https://image01.seesaawiki.jp/k/h/kemono_friends3_5ch/nmgg2N6MiU.png,,祭りだ！屋台だ！アテンション！,2020/11/27,2020/12/10 14:00:00,シナリオ(マップ),リョコウバト,ニホンオオカミ,,,秘境の花園,じーっと観察中,おっお宝だーっ！,
第5回 ジャパリパーク立ち入り禁止区域・解除開始,https://image02.seesaawiki.jp/k/h/kemono_friends3_5ch/xirVrYawpV.png,,第5回 ジャパリパーク立ち入り禁止区域・解除開始,2020/11/20,2020/11/27 14:00:00,共闘,スカイフィッシュ,インドゾウ,,,紅葉狩,,,
第2回 野生大解放チャレンジ ハシビロコウ編,https://image01.seesaawiki.jp/k/h/kemono_friends3_5ch/8rg18zoQzS.png,,第2回 野生大解放チャレンジ ハシビロコウ編,2020/11/14,2020/11/20 14:00:00,野生大解放,,,,,,,,
セーバルぶらり旅 第2章公開,https://image02.seesaawiki.jp/k/h/kemono_friends3_5ch/cTgVdjIwgy.png,,,2020/11/13,,新章公開,アラビアオリックス,,,,,,,
体力測定 コツメカワウソ編,https://image01.seesaawiki.jp/k/h/kemono_friends3_5ch/2r2KHa5NdN.png,,体力測定 コツメカワウソ編,2020/11/08,2020/11/20 14:00:00,体力測定,【笑顔をお届け！】コツメカワウソ,,,,,,,
メインストーリー9章＜後半＞公開,https://image02.seesaawiki.jp/k/h/kemono_friends3_5ch/oBp2K_vbY6.png,,,2020/11/06,,新章公開,,,,,Dear my friends,,,
野生大解放チャレンジ タイリクオオカミ編,https://image01.seesaawiki.jp/k/h/kemono_friends3_5ch/S_pZ__UJun.png,,野生大解放チャレンジ タイリクオオカミ編,2020/11/01,2020/11/06 14:00:00,野生大解放,,,,,お手のモノっ！,,,
星のしずくドロップイベント,https://image02.seesaawiki.jp/k/h/kemono_friends3_5ch/oBp2K_vbY6.png,,新章公開！キャンペーン　9章,2020/10/30,2020/11/13 14:00:00,しずく,,,,,,,,
メインストーリー9章＜前半＞公開,https://image02.seesaawiki.jp/k/h/kemono_friends3_5ch/oBp2K_vbY6.png,,,2020/10/30,,新章公開,【疑惑の美声？】トキ,,,,,,,
チーターとプロングホーンの約束,https://image01.seesaawiki.jp/k/h/kemono_friends3_5ch/ei7yfk6hF6.png,,チーターとプロングホーンの約束,2020/10/22,2020/10/30 14:00:00,シナリオ(通常),チーター,,,,すべては一瞬に,Trick or Treat!,,
第10回 セルリアン大掃除,https://image01.seesaawiki.jp/k/h/kemono_friends3_5ch/8c1U9yf5wd.jpeg,,第10回 セルリアン大掃除,2020/10/15,2020/10/22 14:00:00,大掃除,【オシャレリーダー】チャップマンシマウマ,【いいこと思いつきました】スナネコ,,,,,,
第2回 野生大解放チャレンジ ヒグマ編,https://image01.seesaawiki.jp/k/h/kemono_friends3_5ch/5yHjqo9e2b.png,,第2回 野生大解放チャレンジ ヒグマ編,2020/10/11,2020/10/15 14:00:00,野生大解放,,,,,,,,
第7回 太陽のしずくドロップイベント,https://image01.seesaawiki.jp/k/h/kemono_friends3_5ch/1cPT6GnbwP.png,,セーバルぶらり旅1章公開記念キャンペーン,2020/10/10,2020/10/15 14:00:00,しずく,,,,,,,,
セーバルぶらり旅 1章公開,https://image01.seesaawiki.jp/k/h/kemono_friends3_5ch/1cPT6GnbwP.png,,,2020/10/10,,新章公開,トムソンガゼル,,,,,,,
体力測定 カムチャッカオオヒグマ編,https://image02.seesaawiki.jp/k/h/kemono_friends3_5ch/YEOnUSpiZg.png,,体力測定 カムチャッカオオヒグマ編,2020/10/08,2020/10/22 14:00:00,体力測定,カムチャッカオオヒグマ,,,,,,,
トリックでトリートを取り返せ！,https://image02.seesaawiki.jp/k/h/kemono_friends3_5ch/IbEiF4OVzS.png,,トリックでトリートを取り返せ！,2020/09/30,2020/10/08 14:00:00,シナリオ(通常),ナミチスイコウモリ,,,,こっちにおいで,収穫の秋！,,
第1回 とくべつくんれん,https://image02.seesaawiki.jp/k/h/kemono_friends3_5ch/VqBe97a2oI.png,,第1回 とくべつくんれん イベント概要,2020/09/23,2020/09/30 14:00:00,とくべつくんれん,アードウルフ,,,,Welcome to ようこそ！,,,
アライ隊長は止まらない、のだ！,https://image01.seesaawiki.jp/k/h/kemono_friends3_5ch/WatzpuB53i.png,,アライ隊長は止まらない、のだ！,2020/09/21,2020/09/28 14:00:00,シナリオ亜種,ホワイトサーバル,,,,,,,
第6回 太陽のしずくドロップイベント,https://image02.seesaawiki.jp/k/h/kemono_friends3_5ch/djXUlhSriA.png,,アライさん隊長日誌6章追加記念キャンペーン,2020/09/17,2020/09/23 14:00:00,しずく,,,,,,,,
アライさん隊長日誌 6章公開,https://image02.seesaawiki.jp/k/h/kemono_friends3_5ch/djXUlhSriA.png,,,2020/09/17,,新章公開,【時代が来たのだ！】アライグマ,【私の時代も来たかなー】フェネック,,,,,,
野生大解放チャレンジ ハシビロコウ編,https://image01.seesaawiki.jp/k/h/kemono_friends3_5ch/8rg18zoQzS.png,,野生大解放チャレンジ ハシビロコウ編,2020/09/12,2020/09/17 14:00:00,野生大解放,,,,,ヤバヤバやたいフード,,,
体力測定 ジャイアントパンダ編,https://image01.seesaawiki.jp/k/h/kemono_friends3_5ch/3lxu9qFhwE.png,,体力測定 ジャイアントパンダ編,2020/09/10,2020/09/23 14:00:00,体力測定,ジャイアントパンダ,,,,,,,
ハーベストがーでんの宝探し,https://image01.seesaawiki.jp/k/h/kemono_friends3_5ch/dkzYIJNIYw.png,,ハーベストがーでんの宝探し,2020/08/28,2020/09/10 14:00:00,シナリオ(マップ),イエイヌ（雑種）,シャチ,コディアックヒグマ,,わんだふる！,パッカーン！ チャレンジ,オフショット,
メインストーリー8章＜後半＞公開,https://image01.seesaawiki.jp/k/h/kemono_friends3_5ch/firCTikIRq.png,,,2020/08/24,,新章公開,,,,,約束,,,
夢のしずくドロップイベント,https://image01.seesaawiki.jp/k/h/kemono_friends3_5ch/firCTikIRq.png,,新章公開！キャンペーン　8章,2020/08/21,2020/08/28 14:00:00,しずく,,,,,,,,
メインストーリー8章＜前半＞公開,https://image01.seesaawiki.jp/k/h/kemono_friends3_5ch/firCTikIRq.png,,,2020/08/21,,新章公開,クロトキ,,,,,,,
第9回 セルリアン大掃除,https://image01.seesaawiki.jp/k/h/kemono_friends3_5ch/8c1U9yf5wd.jpeg,,第9回 セルリアン大掃除,2020/08/14,2020/08/21 14:00:00,大掃除,バンドウイルカ,【PPPのプリンセス】ロイヤルペンギン,,,,,,
野生大解放チャレンジ ヒグマ編,https://image01.seesaawiki.jp/k/h/kemono_friends3_5ch/5yHjqo9e2b.png,,野生大解放チャレンジ ヒグマ編,2020/08/09,2020/08/14 14:00:00,野生大解放,,,,,ごほうびウィップ♪,,,
体力測定 マヌルネコ編,https://image01.seesaawiki.jp/k/h/kemono_friends3_5ch/C9SFebdneE.png,,体力測定 マヌルネコ編,2020/08/06,2020/08/21 14:00:00,体力測定,マヌルネコ,,,,,,,
目立て！渚のライフセーバー,https://image01.seesaawiki.jp/k/h/kemono_friends3_5ch/bWhxRBtTMQ.jpeg,,目立て！渚のライフセーバー,2020/07/29,2020/08/06 14:00:00,シナリオ(通常),チベットスナギツネ,,,,ニャギっとハイ！ポーズ,オーシャン・カフェ,,
第4回 ジャパリパーク立ち入り禁止区域・解除開始,https://image02.seesaawiki.jp/k/h/kemono_friends3_5ch/MYcMJxNxFg.jpeg,,第4回 ジャパリパーク立ち入り禁止区域・解除開始,2020/07/21,2020/07/29 14:00:00,共闘,【占いのその先へ】ダチョウ,アカミミガメ,,,しっぴつかつどう,ぬくぬく湯上り,,
第8回 セルリアン大掃除,https://image01.seesaawiki.jp/k/h/kemono_friends3_5ch/8c1U9yf5wd.jpeg,,第8回 セルリアン大掃除,2020/07/15,2020/07/21 14:00:00,大掃除,エゾヒグマ,,,,,,,
野生大解放チャレンジ ブラックジャガー編,https://image01.seesaawiki.jp/k/h/kemono_friends3_5ch/9O_09oRtIx.jpeg,,野生大解放チャレンジ ブラックジャガー編,2020/07/10,2020/07/15 14:00:00,野生大解放,,,,,ホワイトハンティング,,,
第5回 太陽のしずくドロップイベント,https://image01.seesaawiki.jp/k/h/kemono_friends3_5ch/VRKq6g8hhL.jpeg,,アライさん隊長日誌5章公開キャンペーン,2020/07/08,2020/07/15 14:00:00,しずく,,,,,,,,
アライさん隊長日誌 5章公開,https://image01.seesaawiki.jp/k/h/kemono_friends3_5ch/VRKq6g8hhL.jpeg,,,2020/07/08,,新章公開,パフィン,,,,,,,
第3回 ジャパリパーク立ち入り禁止区域・解除開始,https://image02.seesaawiki.jp/k/h/kemono_friends3_5ch/RK949UhIcR.jpeg,,ジャパリパーク立ち入り禁止区域・解除開始(7月),2020/06/30,2020/07/08 14:00:00,共闘,サラブレッドくりげ,サラブレッドしろげ,サラブレッドあおかげ,レッサーパンダ,天かける想い,砂漠のキャンバス,,
体力測定 ミナミコアリクイ&マレーバク編,https://image01.seesaawiki.jp/k/h/kemono_friends3_5ch/dOqB5RxLHx.jpeg,,体力測定 ミナミコアリクイ&マレーバク編,2020/06/23,2020/07/08 14:00:00,体力測定,【一撃のポーズぅ！】ミナミコアリクイ,【やってみる…！】マレーバク,,,,,,
ジャパリカフェ de サラダボウル,https://image02.seesaawiki.jp/k/h/kemono_friends3_5ch/g3_ea2hi6T.jpeg,,ジャパリカフェ de サラダボウル,2020/06/09,2020/06/23 14:00:00,シナリオ(マップ),イッカク,ブタ,,,誇りを手に！！！,Rockin' time,お水をどうぞ～♪,
第2回 ジャパリパーク立ち入り禁止区域・解除開始,https://image02.seesaawiki.jp/k/h/kemono_friends3_5ch/HrfaDU7vUh.jpeg,,ジャパリパーク立ち入り禁止区域・解除開始(6月),2020/06/02,2020/06/09 14:00:00,共闘,アリツカゲラ,パンサーカメレオン,ホッキョクウサギ,,一点集中サーベルピック,わたしのできること,,
空のしずくドロップイベント,https://image01.seesaawiki.jp/k/h/kemono_friends3_5ch/zAcCQQq9yT.jpeg,,新章公開！キャンペーン　7章,2020/05/26,2020/06/02 14:00:00,しずく,,,,,,,,
メインストーリー7章公開,https://image01.seesaawiki.jp/k/h/kemono_friends3_5ch/zAcCQQq9yT.jpeg,,,2020/05/26,,新章公開,ホワイトタイガー,,,,正義の味方,,,
体力測定 G・ロードランナー編,https://image01.seesaawiki.jp/k/h/kemono_friends3_5ch/70Dad_xHU0.jpeg,,体力測定 G・ロードランナー編,2020/05/19,2020/06/02 14:00:00,体力測定,G・ロードランナー,,,,,,,
激走！追って追われてジャパリレース,https://image01.seesaawiki.jp/k/h/kemono_friends3_5ch/NH5wpGWJ9n.jpeg,,激走！追って追われてジャパリレース,2020/05/11,2020/05/19 14:00:00,シナリオ(通常),プロングホーン,,,,かけっこインターバル,突入作戦！,参謀の秘術！,
第7回 セルリアン大掃除,https://image01.seesaawiki.jp/k/h/kemono_friends3_5ch/AGGTMtj9FM.png,,第7回 セルリアン大掃除,2020/05/04,2020/05/11 14:00:00,大掃除,,,,,,,,
ジャパリパーク立ち入り禁止区域・解除開始,https://image02.seesaawiki.jp/k/h/kemono_friends3_5ch/pxi3QvazSO.jpeg,,ジャパリパーク立ち入り禁止区域・解除開始,2020/04/27,2020/05/04 14:00:00,共闘,オオアリクイ,ショウジョウトキ,シナウスイロイルカ,,本気のきーっく,スイーツ？スイーツ！,,
第4回 太陽のしずくドロップイベント,https://image01.seesaawiki.jp/k/h/kemono_friends3_5ch/6VVOMUEiF1.jpg,,アライさん隊長日誌4章公開キャンペーン,2020/04/20,2020/04/27 14:00:00,しずく,,,,,,,,
アライさん隊長日誌 4章公開,https://image01.seesaawiki.jp/k/h/kemono_friends3_5ch/6VVOMUEiF1.jpg,,,2020/04/20,,新章公開,オオフウチョウ,,,,,,,
体力測定 アミメキリン編,https://image01.seesaawiki.jp/k/h/kemono_friends3_5ch/xOqFbMcWF6.jpg,,体力測定 アミメキリン編,2020/04/08,2020/04/23 14:00:00,体力測定,アミメキリン,,,,,,,
第6回 セルリアン大掃除,https://image01.seesaawiki.jp/k/h/kemono_friends3_5ch/AGGTMtj9FM.png,,第6回 セルリアン大掃除,2020/04/08,2020/04/16 14:00:00,大掃除,,,,,,,,
桜舞うわいるど学校体験記,https://image01.seesaawiki.jp/k/h/kemono_friends3_5ch/yTZ9aUrruf.jpg,,桜舞うわいるど学校体験記,2020/04/01,2020/04/08 14:00:00,シナリオ(通常),ヒメアリクイ,,,,てさぐりニュースタイル,ふたりでお出かけ,試作品プラモ type-SC,
Penguins Performance Project,https://image02.seesaawiki.jp/k/h/kemono_friends3_5ch/IY8FKnEkwr.png,,Penguins Performance Project,2020/03/25,2020/03/31 14:00:00,シナリオ亜種,コウテイペンギン,フンボルトペンギン,,,,,,
体力測定 カバ編,https://image01.seesaawiki.jp/k/h/kemono_friends3_5ch/1YRShZkmdo.jpg,,体力測定 カバ編,2020/03/18,2020/03/25 14:00:00,体力測定,カバ,,,,がぶっとお仕置き,レッスン！レッスン！,,
風のしずくドロップイベント,https://image01.seesaawiki.jp/k/h/kemono_friends3_5ch/xx1faXV_RO.jpg,,新章公開！キャンペーン　6章　イベント概要,2020/03/12,2020/03/18 14:00:00,しずく,,,,,,,,
メインストーリー6章公開,https://image01.seesaawiki.jp/k/h/kemono_friends3_5ch/xx1faXV_RO.jpg,,,2020/03/12,,新章公開,リカオン,,,,オーダー！,,,
闇と舞え！漆黒のダークネスひな祭り,https://image01.seesaawiki.jp/k/h/kemono_friends3_5ch/5VQ9YRbN9b.jpg,,闇と舞え！漆黒のダークネスひな祭り,2020/02/28,2020/03/12 14:00:00,シナリオ(マップ),ブラックバック,タスマニアデビル,オーストラリアデビル,カンザシフウチョウ,りーどあぶっく,ジャパリ団参上！,マイルカの楽園,
第5回 セルリアン大掃除,https://image01.seesaawiki.jp/k/h/kemono_friends3_5ch/AGGTMtj9FM.png,,第5回 セルリアン大掃除,2020/02/21,2020/02/28 9:00:00,大掃除,ワシミミズク,ジェンツーペンギン,,,,,,
体力測定 ホワイトライオン編,https://image01.seesaawiki.jp/k/h/kemono_friends3_5ch/PzeTo8inq8.jpg,,体力測定 ホワイトライオン編,2020/02/14,2020/02/21 14:00:00,体力測定,ホワイトライオン,,,,おひるね仲間,つわものを求めて,,
第3回 太陽のしずくドロップイベント,https://image01.seesaawiki.jp/k/h/kemono_friends3_5ch/mGOQJls7SZ.png,,アライさん隊長日誌3章公開キャンペーン,2020/02/07,2020/02/14 14:00:00,しずく,,,,,,,,
アライさん隊長日誌 3章公開,https://image01.seesaawiki.jp/k/h/kemono_friends3_5ch/mGOQJls7SZ.png,,,2020/02/07,,新章公開,タヌキ,カタカケフウチョウ,,,,,,
美味&#9825;じゅるりバレンタイン,https://image01.seesaawiki.jp/k/h/kemono_friends3_5ch/TvvODPSHJP.jpg,,https://seesaawiki.jp/kemono_friends3_5ch/d/%c8%fe%cc%a3%26%239825%3b%a4%b8%a4%e5%a4%eb%a4%ea%a5%d0%a5%ec%a5%f3%a5%bf%a5%a4%a5%f3,2020/01/31,2020/02/07 14:00:00,シナリオ(通常),アフリカオオコノハズク,,,,本には知識がたくさんです,おーぷんかーなのだ！,モコモコチョコケーキ,
第4回 セルリアン大掃除,https://image01.seesaawiki.jp/k/h/kemono_friends3_5ch/AGGTMtj9FM.png,,第4回 セルリアン大掃除,2020/01/23,2020/01/31 14:00:00,大掃除,マーゲイ,イワトビペンギン,,,,,,
体力測定 デグー編,https://image01.seesaawiki.jp/k/h/kemono_friends3_5ch/c3nE5JxFRd.jpg,,体力測定 デグー編,2020/01/16,2020/01/23 14:00:00,体力測定,デグー,,,,しあわせのうたごえ,ぷろのどうぐ,,
時のしずくドロップイベント,https://image01.seesaawiki.jp/k/h/kemono_friends3_5ch/SCt0QgIt6q.jpg,,新章公開！キャンペーン　5章　イベント概要,2020/01/09,2020/01/16 14:00:00,しずく,,,,,,,,
メインストーリー5章公開,https://image01.seesaawiki.jp/k/h/kemono_friends3_5ch/SCt0QgIt6q.jpg,,,2020/01/09,,新章公開,ジャイアントペンギン,,,,あたらしい仲間,,,
迎春！フレンズかくし芸大会！,https://image01.seesaawiki.jp/k/h/kemono_friends3_5ch/mymkBDC6m8.jpg,,迎春！フレンズかくし芸大会！,2020/01/01,2020/01/09 14:00:00,シナリオ(通常),チンチラ,,,,にゅーいやー！,晴れ姿,ゆきやコンコン,
年末セルリアン大掃除,https://image01.seesaawiki.jp/k/h/kemono_friends3_5ch/8r9rqUNKhg.png,,年末セルリアン大掃除,2019/12/25,2019/12/31 23:59:00,大掃除,キタキツネ,オオセンザンコウ,,,,,,
星を探そう！キラキラ輝くクリスマス,https://image01.seesaawiki.jp/k/h/kemono_friends3_5ch/1LZrlE2MlF.png,,星を探そう！キラキラ輝くクリスマス,2019/12/13,2019/12/25 14:00:00,シナリオ(マップ),ヘラジカ,キングコブラ,トナカイ,,よいこへ届け,お料理教室,蛇の王,
体力測定 アイアイ編,https://image01.seesaawiki.jp/k/h/kemono_friends3_5ch/w2RWyRB_bw.png,,体力測定 アイアイ編,2019/12/05,2019/12/13 14:00:00,体力測定,アイアイ,,,,参ります！,おいしい差し入れ,,
第2回 太陽のしずくドロップイベント,https://image02.seesaawiki.jp/k/h/kemono_friends3_5ch/fV7jz7B4f0.png,,第2回 太陽のしずくドロップイベント概要,2019/11/29,2019/12/05 14:00:00,しずく,,,,,,,,
アライさん隊長日誌 2章公開,https://image02.seesaawiki.jp/k/h/kemono_friends3_5ch/fV7jz7B4f0.png,,,2019/11/29,,新章公開,アフリカニシキヘビ,,,,,,,
第2回 セルリアン大掃除,https://image01.seesaawiki.jp/k/h/kemono_friends3_5ch/AGGTMtj9FM.png,,第2回 セルリアン大掃除,2019/11/21,2019/11/29 14:00:00,大掃除,アルパカ・ワカイヤ,,,,,,,
体力測定 キンシコウ編,https://image01.seesaawiki.jp/k/h/kemono_friends3_5ch/M_m1YuhmG6.png,,体力測定 キンシコウ編,2019/11/14,2019/11/21 14:00:00,体力測定,キンシコウ,,,,ふぃにっしゅ,どっちに行こうかな,,
月のしずくドロップイベント,https://image01.seesaawiki.jp/k/h/kemono_friends3_5ch/cSRtHCBjEG.png,,新章公開！キャンペーン　4章　イベント概要,2019/11/08,2019/11/14 14:00:00,しずく,,,,,,,,
メインストーリー4章公開,https://image01.seesaawiki.jp/k/h/kemono_friends3_5ch/cSRtHCBjEG.png,,,2019/11/08,,新章公開,ライオン,,,,Good night,,,
けも刑事・ざ・むーびー,https://image01.seesaawiki.jp/k/h/kemono_friends3_5ch/ps3r9YiyBU.png,,けも刑事・ざ・むーびー,2019/10/31,2019/11/08 14:00:00,シナリオ(通常),ハシビロコウ,,,,はりこみっ,悪と反逆の使徒！,いんたーみっしょん,
セルリアン大掃除,https://image01.seesaawiki.jp/k/h/kemono_friends3_5ch/AGGTMtj9FM.png,,セルリアン大掃除　イベント概要,2019/10/24,2019/10/31 14:00:00,大掃除,タイリクオオカミ,,,,,,,
体力測定　ヒグマ編,https://image01.seesaawiki.jp/k/h/kemono_friends3_5ch/bqciXqNEBI.png,,体力測定　ヒグマ編　イベント概要,2019/10/17,2019/10/24 14:00:00,体力測定,ヒグマ,,,,サイキョーだからね～,い、いかくのポーズっ！,,
太陽のしずくドロップイベント,https://image01.seesaawiki.jp/k/h/kemono_friends3_5ch/8NgybsZy9V.png,,,2019/10/09,2019/10/17 14:00:00,しずく,,,,,,,,
メインストーリー3章公開,https://image01.seesaawiki.jp/k/h/kemono_friends3_5ch/8NgybsZy9V.png,,,2019/10/09,,新章公開,シロナガスクジラ,,,,わたしひとりで作れるよ！,,,
ブラックジャガーパーク建設中！,https://image01.seesaawiki.jp/k/h/kemono_friends3_5ch/JhF2h7bolC.png,,ブラックジャガーパーク建設中！　イベント概要,2019/09/30,2019/10/09 14:00:00,シナリオ(通常),ブラックジャガー,,,,これがオレの！,読書タイム,よるに花咲く,